년,월,일,요일,주중_주말,관람객수(명),코로나 구분,,전시명,전시시작일,전시종료일,관람객 수(명),가격(원)
2017,3,1,수,평일,16549,Pre-코로나,,Habsburg 600,2022-10-25,2023-03-15,328961,"17,500"
2017,3,2,목,평일,3937,Pre-코로나,,Vienna 1900,2024-11-30,2025-03-03,252547,"18,500"
2017,3,3,금,평일,3469,Pre-코로나,,Stupas,2023-12-22,2024-04-14,64552,"10,000"
2017,3,4,토,주말,14832,Pre-코로나,,Indian,2024-06-18,2024-10-09,41506,"10,000"
2017,3,5,일,주말,11862,Pre-코로나,,,,,,
2017,3,6,월,평일,2493,Pre-코로나,,,,,,
2017,3,7,화,평일,3249,Pre-코로나,,,,,,
2017,3,8,수,평일,3775,Pre-코로나,,,,,,
2017,3,9,목,평일,3291,Pre-코로나,,,,,,
2017,3,10,금,평일,3558,Pre-코로나,,,,,,
2017,3,11,토,주말,16086,Pre-코로나,,,,,,
2017,3,12,일,주말,14379,Pre-코로나,,,,,,
2017,3,13,월,평일,2661,Pre-코로나,,,,,,
2017,3,14,화,평일,3594,Pre-코로나,,,,,,
2017,3,15,수,평일,4707,Pre-코로나,,,,,,
2017,3,16,목,평일,3733,Pre-코로나,,,,,,
2017,3,17,금,평일,3804,Pre-코로나,,,,,,
2017,3,18,토,주말,19072,Pre-코로나,,,,,,
2017,3,19,일,주말,15113,Pre-코로나,,,,,,
2017,3,20,월,평일,3064,Pre-코로나,,,,,,
2017,3,21,화,평일,4076,Pre-코로나,,,,,,
2017,3,22,수,평일,4976,Pre-코로나,,,,,,
2017,3,23,목,평일,4476,Pre-코로나,,,,,,
2017,3,24,금,평일,6309,Pre-코로나,,,,,,
2017,3,25,토,주말,18753,Pre-코로나,,,,,,
2017,3,26,일,주말,16578,Pre-코로나,,,,,,
2017,3,27,월,평일,3604,Pre-코로나,,,,,,
2017,3,28,화,평일,4717,Pre-코로나,,,,,,
2017,3,29,수,평일,12469,Pre-코로나,,,,,,
2017,3,30,목,평일,5870,Pre-코로나,,,,,,
2017,3,31,금,평일,5654,Pre-코로나,,,,,,
2017,4,1,토,주말,17559,Pre-코로나,,,,,,
2017,4,2,일,주말,15101,Pre-코로나,,,,,,
2017,4,3,월,평일,3809,Pre-코로나,,,,,,
2017,4,4,화,평일,6633,Pre-코로나,,,,,,
2017,4,5,수,평일,9748,Pre-코로나,,,,,,
2017,4,6,목,평일,7691,Pre-코로나,,,,,,
2017,4,7,금,평일,7914,Pre-코로나,,,,,,
2017,4,8,토,주말,17117,Pre-코로나,,,,,,
2017,4,9,일,주말,15930,Pre-코로나,,,,,,
2017,4,10,월,평일,3101,Pre-코로나,,,,,,
2017,4,11,화,평일,5617,Pre-코로나,,,,,,
2017,4,12,수,평일,6663,Pre-코로나,,,,,,
2017,4,13,목,평일,6664,Pre-코로나,,,,,,
2017,4,14,금,평일,6228,Pre-코로나,,,,,,
2017,4,15,토,주말,9533,Pre-코로나,,,,,,
2017,4,16,일,주말,5802,Pre-코로나,,,,,,
2017,4,17,월,평일,3653,Pre-코로나,,,,,,
2017,4,18,화,평일,6898,Pre-코로나,,,,,,
2017,4,19,수,평일,7819,Pre-코로나,,,,,,
2017,4,20,목,평일,8860,Pre-코로나,,,,,,
2017,4,21,금,평일,5172,Pre-코로나,,,,,,
2017,4,22,토,주말,7660,Pre-코로나,,,,,,
2017,4,23,일,주말,6876,Pre-코로나,,,,,,
2017,4,24,월,평일,4341,Pre-코로나,,,,,,
2017,4,25,화,평일,6699,Pre-코로나,,,,,,
2017,4,26,수,평일,9945,Pre-코로나,,,,,,
2017,4,27,목,평일,9402,Pre-코로나,,,,,,
2017,4,28,금,평일,8113,Pre-코로나,,,,,,
2017,4,29,토,주말,8951,Pre-코로나,,,,,,
2017,4,30,일,주말,7302,Pre-코로나,,,,,,
2017,5,1,월,평일,10305,Pre-코로나,,,,,,
2017,5,2,화,평일,5912,Pre-코로나,,,,,,
2017,5,3,수,평일,11565,Pre-코로나,,,,,,
2017,5,4,목,평일,9930,Pre-코로나,,,,,,
2017,5,5,금,평일,24262,Pre-코로나,,,,,,
2017,5,6,토,주말,11188,Pre-코로나,,,,,,
2017,5,7,일,주말,7061,Pre-코로나,,,,,,
2017,5,8,월,평일,3772,Pre-코로나,,,,,,
2017,5,9,화,평일,7828,Pre-코로나,,,,,,
2017,5,10,수,평일,7456,Pre-코로나,,,,,,
2017,5,11,목,평일,8824,Pre-코로나,,,,,,
2017,5,12,금,평일,7750,Pre-코로나,,,,,,
2017,5,13,토,주말,10524,Pre-코로나,,,,,,
2017,5,14,일,주말,9359,Pre-코로나,,,,,,
2017,5,15,월,평일,5386,Pre-코로나,,,,,,
2017,5,16,화,평일,8193,Pre-코로나,,,,,,
2017,5,17,수,평일,8093,Pre-코로나,,,,,,
2017,5,18,목,평일,7730,Pre-코로나,,,,,,
2017,5,19,금,평일,8530,Pre-코로나,,,,,,
2017,5,20,토,주말,12953,Pre-코로나,,,,,,
2017,5,21,일,주말,9674,Pre-코로나,,,,,,
2017,5,22,월,평일,4090,Pre-코로나,,,,,,
2017,5,23,화,평일,5949,Pre-코로나,,,,,,
2017,5,24,수,평일,8942,Pre-코로나,,,,,,
2017,5,25,목,평일,7963,Pre-코로나,,,,,,
2017,5,26,금,평일,5474,Pre-코로나,,,,,,
2017,5,27,토,주말,10529,Pre-코로나,,,,,,
2017,5,28,일,주말,9211,Pre-코로나,,,,,,
2017,5,29,월,평일,5027,Pre-코로나,,,,,,
2017,5,30,화,평일,5487,Pre-코로나,,,,,,
2017,5,31,수,평일,10186,Pre-코로나,,,,,,
2017,6,1,목,평일,6097,Pre-코로나,,,,,,
2017,6,2,금,평일,6139,Pre-코로나,,,,,,
2017,6,3,토,주말,11293,Pre-코로나,,,,,,
2017,6,4,일,주말,10029,Pre-코로나,,,,,,
2017,6,5,월,평일,6208,Pre-코로나,,,,,,
2017,6,6,화,평일,13887,Pre-코로나,,,,,,
2017,6,7,수,평일,5785,Pre-코로나,,,,,,
2017,6,8,목,평일,4771,Pre-코로나,,,,,,
2017,6,9,금,평일,5286,Pre-코로나,,,,,,
2017,6,10,토,주말,12373,Pre-코로나,,,,,,
2017,6,11,일,주말,10240,Pre-코로나,,,,,,
2017,6,12,월,평일,3065,Pre-코로나,,,,,,
2017,6,13,화,평일,5500,Pre-코로나,,,,,,
2017,6,14,수,평일,6311,Pre-코로나,,,,,,
2017,6,15,목,평일,5295,Pre-코로나,,,,,,
2017,6,16,금,평일,5006,Pre-코로나,,,,,,
2017,6,17,토,주말,12531,Pre-코로나,,,,,,
2017,6,18,일,주말,10025,Pre-코로나,,,,,,
2017,6,19,월,평일,3486,Pre-코로나,,,,,,
2017,6,20,화,평일,5813,Pre-코로나,,,,,,
2017,6,21,수,평일,6585,Pre-코로나,,,,,,
2017,6,22,목,평일,4776,Pre-코로나,,,,,,
2017,6,23,금,평일,6248,Pre-코로나,,,,,,
2017,6,24,토,주말,15103,Pre-코로나,,,,,,
2017,6,25,일,주말,12089,Pre-코로나,,,,,,
2017,6,26,월,평일,3711,Pre-코로나,,,,,,
2017,6,27,화,평일,4057,Pre-코로나,,,,,,
2017,6,28,수,평일,8175,Pre-코로나,,,,,,
2017,6,29,목,평일,4788,Pre-코로나,,,,,,
2017,6,30,금,평일,4889,Pre-코로나,,,,,,
2017,7,1,토,주말,11659,Pre-코로나,,,,,,
2017,7,2,일,주말,10893,Pre-코로나,,,,,,
2017,7,3,월,평일,3018,Pre-코로나,,,,,,
2017,7,4,화,평일,5022,Pre-코로나,,,,,,
2017,7,5,수,평일,6693,Pre-코로나,,,,,,
2017,7,6,목,평일,5420,Pre-코로나,,,,,,
2017,7,7,금,평일,5894,Pre-코로나,,,,,,
2017,7,8,토,주말,16326,Pre-코로나,,,,,,
2017,7,9,일,주말,15029,Pre-코로나,,,,,,
2017,7,10,월,평일,3351,Pre-코로나,,,,,,
2017,7,11,화,평일,5540,Pre-코로나,,,,,,
2017,7,12,수,평일,6388,Pre-코로나,,,,,,
2017,7,13,목,평일,5863,Pre-코로나,,,,,,
2017,7,14,금,평일,6865,Pre-코로나,,,,,,
2017,7,15,토,주말,17652,Pre-코로나,,,,,,
2017,7,16,일,주말,14244,Pre-코로나,,,,,,
2017,7,17,월,평일,3962,Pre-코로나,,,,,,
2017,7,18,화,평일,5010,Pre-코로나,,,,,,
2017,7,19,수,평일,6443,Pre-코로나,,,,,,
2017,7,20,목,평일,6583,Pre-코로나,,,,,,
2017,7,21,금,평일,6100,Pre-코로나,,,,,,
2017,7,22,토,주말,16950,Pre-코로나,,,,,,
2017,7,23,일,주말,14072,Pre-코로나,,,,,,
2017,7,24,월,평일,5515,Pre-코로나,,,,,,
2017,7,25,화,평일,8604,Pre-코로나,,,,,,
2017,7,26,수,평일,13132,Pre-코로나,,,,,,
2017,7,27,목,평일,10141,Pre-코로나,,,,,,
2017,7,28,금,평일,11565,Pre-코로나,,,,,,
2017,7,29,토,주말,18113,Pre-코로나,,,,,,
2017,7,30,일,주말,18231,Pre-코로나,,,,,,
2017,7,31,월,평일,15239,Pre-코로나,,,,,,
2017,8,1,화,평일,20018,Pre-코로나,,,,,,
2017,8,2,수,평일,18840,Pre-코로나,,,,,,
2017,8,3,목,평일,18825,Pre-코로나,,,,,,
2017,8,4,금,평일,16622,Pre-코로나,,,,,,
2017,8,5,토,주말,24580,Pre-코로나,,,,,,
2017,8,6,일,주말,20731,Pre-코로나,,,,,,
2017,8,7,월,평일,9732,Pre-코로나,,,,,,
2017,8,8,화,평일,12761,Pre-코로나,,,,,,
2017,8,9,수,평일,13709,Pre-코로나,,,,,,
2017,8,10,목,평일,13148,Pre-코로나,,,,,,
2017,8,11,금,평일,13402,Pre-코로나,,,,,,
2017,8,12,토,주말,26434,Pre-코로나,,,,,,
2017,8,13,일,주말,21985,Pre-코로나,,,,,,
2017,8,14,월,평일,13204,Pre-코로나,,,,,,
2017,8,15,화,평일,28603,Pre-코로나,,,,,,
2017,8,16,수,평일,11112,Pre-코로나,,,,,,
2017,8,17,목,평일,10731,Pre-코로나,,,,,,
2017,8,18,금,평일,10665,Pre-코로나,,,,,,
2017,8,19,토,주말,20640,Pre-코로나,,,,,,
2017,8,20,일,주말,19354,Pre-코로나,,,,,,
2017,8,21,월,평일,7033,Pre-코로나,,,,,,
2017,8,22,화,평일,8888,Pre-코로나,,,,,,
2017,8,23,수,평일,7111,Pre-코로나,,,,,,
2017,8,24,목,평일,5968,Pre-코로나,,,,,,
2017,8,25,금,평일,7065,Pre-코로나,,,,,,
2017,8,26,토,주말,18580,Pre-코로나,,,,,,
2017,8,27,일,주말,14893,Pre-코로나,,,,,,
2017,8,28,월,평일,2866,Pre-코로나,,,,,,
2017,8,29,화,평일,3751,Pre-코로나,,,,,,
2017,8,30,수,평일,3862,Pre-코로나,,,,,,
2017,8,31,목,평일,3356,Pre-코로나,,,,,,
2017,9,1,금,평일,3352,Pre-코로나,,,,,,
2017,9,2,토,주말,8767,Pre-코로나,,,,,,
2017,9,3,일,주말,7475,Pre-코로나,,,,,,
2017,9,4,월,평일,3035,Pre-코로나,,,,,,
2017,9,5,화,평일,3791,Pre-코로나,,,,,,
2017,9,6,수,평일,3472,Pre-코로나,,,,,,
2017,9,7,목,평일,4464,Pre-코로나,,,,,,
2017,9,8,금,평일,3665,Pre-코로나,,,,,,
2017,9,9,토,주말,10038,Pre-코로나,,,,,,
2017,9,10,일,주말,7954,Pre-코로나,,,,,,
2017,9,11,월,평일,3614,Pre-코로나,,,,,,
2017,9,12,화,평일,4592,Pre-코로나,,,,,,
2017,9,13,수,평일,6326,Pre-코로나,,,,,,
2017,9,14,목,평일,5325,Pre-코로나,,,,,,
2017,9,15,금,평일,5153,Pre-코로나,,,,,,
2017,9,16,토,주말,9316,Pre-코로나,,,,,,
2017,9,17,일,주말,7141,Pre-코로나,,,,,,
2017,9,18,월,평일,4467,Pre-코로나,,,,,,
2017,9,19,화,평일,7271,Pre-코로나,,,,,,
2017,9,20,수,평일,8243,Pre-코로나,,,,,,
2017,9,21,목,평일,6995,Pre-코로나,,,,,,
2017,9,22,금,평일,8352,Pre-코로나,,,,,,
2017,9,23,토,주말,8201,Pre-코로나,,,,,,
2017,9,24,일,주말,7096,Pre-코로나,,,,,,
2017,9,25,월,평일,6618,Pre-코로나,,,,,,
2017,9,26,화,평일,8526,Pre-코로나,,,,,,
2017,9,27,수,평일,11805,Pre-코로나,,,,,,
2017,9,28,목,평일,7956,Pre-코로나,,,,,,
2017,9,29,금,평일,6070,Pre-코로나,,,,,,
2017,9,30,토,주말,8715,Pre-코로나,,,,,,
2017,10,1,일,주말,12311,Pre-코로나,,,,,,
2017,10,2,월,평일,10947,Pre-코로나,,,,,,
2017,10,3,화,평일,8682,Pre-코로나,,,,,,
2017,10,4,수,평일,34,Pre-코로나,,,,,,
2017,10,5,목,평일,17428,Pre-코로나,,,,,,
2017,10,6,금,평일,18338,Pre-코로나,,,,,,
2017,10,7,토,주말,14021,Pre-코로나,,,,,,
2017,10,8,일,주말,11154,Pre-코로나,,,,,,
2017,10,9,월,평일,11488,Pre-코로나,,,,,,
2017,10,10,화,평일,4648,Pre-코로나,,,,,,
2017,10,11,수,평일,8403,Pre-코로나,,,,,,
2017,10,12,목,평일,8458,Pre-코로나,,,,,,
2017,10,13,금,평일,6604,Pre-코로나,,,,,,
2017,10,14,토,주말,8997,Pre-코로나,,,,,,
2017,10,15,일,주말,7950,Pre-코로나,,,,,,
2017,10,16,월,평일,6087,Pre-코로나,,,,,,
2017,10,17,화,평일,7548,Pre-코로나,,,,,,
2017,10,18,수,평일,10081,Pre-코로나,,,,,,
2017,10,19,목,평일,8761,Pre-코로나,,,,,,
2017,10,20,금,평일,8406,Pre-코로나,,,,,,
2017,10,21,토,주말,9788,Pre-코로나,,,,,,
2017,10,22,일,주말,8843,Pre-코로나,,,,,,
2017,10,23,월,평일,5068,Pre-코로나,,,,,,
2017,10,24,화,평일,8406,Pre-코로나,,,,,,
2017,10,25,수,평일,9229,Pre-코로나,,,,,,
2017,10,26,목,평일,7776,Pre-코로나,,,,,,
2017,10,27,금,평일,9340,Pre-코로나,,,,,,
2017,10,28,토,주말,8906,Pre-코로나,,,,,,
2017,10,29,일,주말,8187,Pre-코로나,,,,,,
2017,10,30,월,평일,5934,Pre-코로나,,,,,,
2017,10,31,화,평일,6553,Pre-코로나,,,,,,
2017,11,1,수,평일,8259,Pre-코로나,,,,,,
2017,11,2,목,평일,7472,Pre-코로나,,,,,,
2017,11,3,금,평일,7355,Pre-코로나,,,,,,
2017,11,4,토,주말,10539,Pre-코로나,,,,,,
2017,11,5,일,주말,8637,Pre-코로나,,,,,,
2017,11,6,월,평일,2788,Pre-코로나,,,,,,
2017,11,7,화,평일,5753,Pre-코로나,,,,,,
2017,11,8,수,평일,6091,Pre-코로나,,,,,,
2017,11,9,목,평일,5628,Pre-코로나,,,,,,
2017,11,10,금,평일,6374,Pre-코로나,,,,,,
2017,11,11,토,주말,12282,Pre-코로나,,,,,,
2017,11,12,일,주말,9632,Pre-코로나,,,,,,
2017,11,13,월,평일,4209,Pre-코로나,,,,,,
2017,11,14,화,평일,6005,Pre-코로나,,,,,,
2017,11,15,수,평일,6646,Pre-코로나,,,,,,
2017,11,16,목,평일,5355,Pre-코로나,,,,,,
2017,11,17,금,평일,7457,Pre-코로나,,,,,,
2017,11,18,토,주말,15514,Pre-코로나,,,,,,
2017,11,19,일,주말,14099,Pre-코로나,,,,,,
2017,11,20,월,평일,5381,Pre-코로나,,,,,,
2017,11,21,화,평일,6598,Pre-코로나,,,,,,
2017,11,22,수,평일,8005,Pre-코로나,,,,,,
2017,11,23,목,평일,5707,Pre-코로나,,,,,,
2017,11,24,금,평일,7676,Pre-코로나,,,,,,
2017,11,25,토,주말,16095,Pre-코로나,,,,,,
2017,11,26,일,주말,14976,Pre-코로나,,,,,,
2017,11,27,월,평일,3599,Pre-코로나,,,,,,
2017,11,28,화,평일,4204,Pre-코로나,,,,,,
2017,11,29,수,평일,5268,Pre-코로나,,,,,,
2017,11,30,목,평일,2916,Pre-코로나,,,,,,
2017,12,1,금,평일,3914,Pre-코로나,,,,,,
2017,12,2,토,주말,9701,Pre-코로나,,,,,,
2017,12,3,일,주말,9826,Pre-코로나,,,,,,
2017,12,4,월,평일,3497,Pre-코로나,,,,,,
2017,12,5,화,평일,4761,Pre-코로나,,,,,,
2017,12,6,수,평일,5594,Pre-코로나,,,,,,
2017,12,7,목,평일,5250,Pre-코로나,,,,,,
2017,12,8,금,평일,7135,Pre-코로나,,,,,,
2017,12,9,토,주말,12370,Pre-코로나,,,,,,
2017,12,10,일,주말,10398,Pre-코로나,,,,,,
2017,12,11,월,평일,4661,Pre-코로나,,,,,,
2017,12,12,화,평일,4911,Pre-코로나,,,,,,
2017,12,13,수,평일,5888,Pre-코로나,,,,,,
2017,12,14,목,평일,5167,Pre-코로나,,,,,,
2017,12,15,금,평일,5996,Pre-코로나,,,,,,
2017,12,16,토,주말,11659,Pre-코로나,,,,,,
2017,12,17,일,주말,11489,Pre-코로나,,,,,,
2017,12,18,월,평일,4372,Pre-코로나,,,,,,
2017,12,19,화,평일,5145,Pre-코로나,,,,,,
2017,12,20,수,평일,6212,Pre-코로나,,,,,,
2017,12,21,목,평일,6469,Pre-코로나,,,,,,
2017,12,22,금,평일,6756,Pre-코로나,,,,,,
2017,12,23,토,주말,12993,Pre-코로나,,,,,,
2017,12,24,일,주말,15250,Pre-코로나,,,,,,
2017,12,25,월,평일,11531,Pre-코로나,,,,,,
2017,12,26,화,평일,6155,Pre-코로나,,,,,,
2017,12,27,수,평일,8520,Pre-코로나,,,,,,
2017,12,28,목,평일,8128,Pre-코로나,,,,,,
2017,12,29,금,평일,8097,Pre-코로나,,,,,,
2017,12,30,토,주말,13632,Pre-코로나,,,,,,
2017,12,31,일,주말,14007,Pre-코로나,,,,,,
2018,1,1,월,평일,0,Pre-코로나,,,,,,
2018,1,2,화,평일,9042,Pre-코로나,,,,,,
2018,1,3,수,평일,9516,Pre-코로나,,,,,,
2018,1,4,목,평일,8964,Pre-코로나,,,,,,
2018,1,5,금,평일,8027,Pre-코로나,,,,,,
2018,1,6,토,주말,15668,Pre-코로나,,,,,,
2018,1,7,일,주말,15028,Pre-코로나,,,,,,
2018,1,8,월,평일,6278,Pre-코로나,,,,,,
2018,1,9,화,평일,7930,Pre-코로나,,,,,,
2018,1,10,수,평일,6806,Pre-코로나,,,,,,
2018,1,11,목,평일,7156,Pre-코로나,,,,,,
2018,1,12,금,평일,6782,Pre-코로나,,,,,,
2018,1,13,토,주말,16203,Pre-코로나,,,,,,
2018,1,14,일,주말,15308,Pre-코로나,,,,,,
2018,1,15,월,평일,5182,Pre-코로나,,,,,,
2018,1,16,화,평일,7432,Pre-코로나,,,,,,
2018,1,17,수,평일,7792,Pre-코로나,,,,,,
2018,1,18,목,평일,7425,Pre-코로나,,,,,,
2018,1,19,금,평일,8171,Pre-코로나,,,,,,
2018,1,20,토,주말,17717,Pre-코로나,,,,,,
2018,1,21,일,주말,16109,Pre-코로나,,,,,,
2018,1,22,월,평일,5964,Pre-코로나,,,,,,
2018,1,23,화,평일,6478,Pre-코로나,,,,,,
2018,1,24,수,평일,5798,Pre-코로나,,,,,,
2018,1,25,목,평일,5725,Pre-코로나,,,,,,
2018,1,26,금,평일,5250,Pre-코로나,,,,,,
2018,1,27,토,주말,16645,Pre-코로나,,,,,,
2018,1,28,일,주말,15490,Pre-코로나,,,,,,
2018,1,29,월,평일,4940,Pre-코로나,,,,,,
2018,1,30,화,평일,7085,Pre-코로나,,,,,,
2018,1,31,수,평일,9735,Pre-코로나,,,,,,
2018,2,1,목,평일,5454,Pre-코로나,,,,,,
2018,2,2,금,평일,5603,Pre-코로나,,,,,,
2018,2,3,토,주말,16506,Pre-코로나,,,,,,
2018,2,4,일,주말,14383,Pre-코로나,,,,,,
2018,2,5,월,평일,3316,Pre-코로나,,,,,,
2018,2,6,화,평일,6248,Pre-코로나,,,,,,
2018,2,7,수,평일,6723,Pre-코로나,,,,,,
2018,2,8,목,평일,5507,Pre-코로나,,,,,,
2018,2,9,금,평일,5275,Pre-코로나,,,,,,
2018,2,10,토,주말,16182,Pre-코로나,,,,,,
2018,2,11,일,주말,13888,Pre-코로나,,,,,,
2018,2,12,월,평일,4863,Pre-코로나,,,,,,
2018,2,13,화,평일,5667,Pre-코로나,,,,,,
2018,2,14,수,평일,6291,Pre-코로나,,,,,,
2018,2,15,목,평일,9887,Pre-코로나,,,,,,
2018,2,16,금,평일,106,Pre-코로나,,,,,,
2018,2,17,토,주말,17505,Pre-코로나,,,,,,
2018,2,18,일,주말,12061,Pre-코로나,,,,,,
2018,2,19,월,평일,5602,Pre-코로나,,,,,,
2018,2,20,화,평일,8105,Pre-코로나,,,,,,
2018,2,21,수,평일,9649,Pre-코로나,,,,,,
2018,2,22,목,평일,8668,Pre-코로나,,,,,,
2018,2,23,금,평일,9619,Pre-코로나,,,,,,
2018,2,24,토,주말,16699,Pre-코로나,,,,,,
2018,2,25,일,주말,13609,Pre-코로나,,,,,,
2018,2,26,월,평일,7369,Pre-코로나,,,,,,
2018,2,27,화,평일,10681,Pre-코로나,,,,,,
2018,2,28,수,평일,11814,Pre-코로나,,,,,,
2018,3,1,목,평일,13367,Pre-코로나,,,,,,
2018,3,2,금,평일,5772,Pre-코로나,,,,,,
2018,3,3,토,주말,14426,Pre-코로나,,,,,,
2018,3,4,일,주말,11255,Pre-코로나,,,,,,
2018,3,5,월,평일,2302,Pre-코로나,,,,,,
2018,3,6,화,평일,2711,Pre-코로나,,,,,,
2018,3,7,수,평일,4760,Pre-코로나,,,,,,
2018,3,8,목,평일,4526,Pre-코로나,,,,,,
2018,3,9,금,평일,3010,Pre-코로나,,,,,,
2018,3,10,토,주말,9113,Pre-코로나,,,,,,
2018,3,11,일,주말,7573,Pre-코로나,,,,,,
2018,3,12,월,평일,1504,Pre-코로나,,,,,,
2018,3,13,화,평일,2488,Pre-코로나,,,,,,
2018,3,14,수,평일,3897,Pre-코로나,,,,,,
2018,3,15,목,평일,2630,Pre-코로나,,,,,,
2018,3,16,금,평일,2520,Pre-코로나,,,,,,
2018,3,17,토,주말,9560,Pre-코로나,,,,,,
2018,3,18,일,주말,7426,Pre-코로나,,,,,,
2018,3,19,월,평일,1828,Pre-코로나,,,,,,
2018,3,20,화,평일,2522,Pre-코로나,,,,,,
2018,3,21,수,평일,3357,Pre-코로나,,,,,,
2018,3,22,목,평일,3069,Pre-코로나,,,,,,
2018,3,23,금,평일,2871,Pre-코로나,,,,,,
2018,3,24,토,주말,8406,Pre-코로나,,,,,,
2018,3,25,일,주말,7758,Pre-코로나,,,,,,
2018,3,26,월,평일,2150,Pre-코로나,,,,,,
2018,3,27,화,평일,3017,Pre-코로나,,,,,,
2018,3,28,수,평일,6128,Pre-코로나,,,,,,
2018,3,29,목,평일,3381,Pre-코로나,,,,,,
2018,3,30,금,평일,3940,Pre-코로나,,,,,,
2018,3,31,토,주말,8382,Pre-코로나,,,,,,
2018,4,1,일,주말,5930,Pre-코로나,,,,,,
2018,4,2,월,평일,1282,Pre-코로나,,,,,,
2018,4,3,화,평일,3166,Pre-코로나,,,,,,
2018,4,4,수,평일,5417,Pre-코로나,,,,,,
2018,4,5,목,평일,5370,Pre-코로나,,,,,,
2018,4,6,금,평일,4772,Pre-코로나,,,,,,
2018,4,7,토,주말,9034,Pre-코로나,,,,,,
2018,4,8,일,주말,6856,Pre-코로나,,,,,,
2018,4,9,월,평일,4124,Pre-코로나,,,,,,
2018,4,10,화,평일,3842,Pre-코로나,,,,,,
2018,4,11,수,평일,6991,Pre-코로나,,,,,,
2018,4,12,목,평일,5602,Pre-코로나,,,,,,
2018,4,13,금,평일,5132,Pre-코로나,,,,,,
2018,4,14,토,주말,11033,Pre-코로나,,,,,,
2018,4,15,일,주말,8890,Pre-코로나,,,,,,
2018,4,16,월,평일,1820,Pre-코로나,,,,,,
2018,4,17,화,평일,2920,Pre-코로나,,,,,,
2018,4,18,수,평일,4848,Pre-코로나,,,,,,
2018,4,19,목,평일,8747,Pre-코로나,,,,,,
2018,4,20,금,평일,3158,Pre-코로나,,,,,,
2018,4,21,토,주말,6011,Pre-코로나,,,,,,
2018,4,22,일,주말,5512,Pre-코로나,,,,,,
2018,4,23,월,평일,3799,Pre-코로나,,,,,,
2018,4,24,화,평일,4307,Pre-코로나,,,,,,
2018,4,25,수,평일,5483,Pre-코로나,,,,,,
2018,4,26,목,평일,4339,Pre-코로나,,,,,,
2018,4,27,금,평일,5829,Pre-코로나,,,,,,
2018,4,28,토,주말,8372,Pre-코로나,,,,,,
2018,4,29,일,주말,6122,Pre-코로나,,,,,,
2018,4,30,월,평일,5643,Pre-코로나,,,,,,
2018,5,1,화,평일,10824,Pre-코로나,,,,,,
2018,5,2,수,평일,8495,Pre-코로나,,,,,,
2018,5,3,목,평일,5050,Pre-코로나,,,,,,
2018,5,4,금,평일,5742,Pre-코로나,,,,,,
2018,5,5,토,주말,10955,Pre-코로나,,,,,,
2018,5,6,일,주말,10598,Pre-코로나,,,,,,
2018,5,7,월,평일,7765,Pre-코로나,,,,,,
2018,5,8,화,평일,4614,Pre-코로나,,,,,,
2018,5,9,수,평일,7956,Pre-코로나,,,,,,
2018,5,10,목,평일,5333,Pre-코로나,,,,,,
2018,5,11,금,평일,5762,Pre-코로나,,,,,,
2018,5,12,토,주말,10207,Pre-코로나,,,,,,
2018,5,13,일,주말,7188,Pre-코로나,,,,,,
2018,5,14,월,평일,4659,Pre-코로나,,,,,,
2018,5,15,화,평일,19179,Pre-코로나,,,,,,
2018,5,16,수,평일,8922,Pre-코로나,,,,,,
2018,5,17,목,평일,8392,Pre-코로나,,,,,,
2018,5,18,금,평일,17734,Pre-코로나,,,,,,
2018,5,19,토,주말,29815,Pre-코로나,,,,,,
2018,5,20,일,주말,30229,Pre-코로나,,,,,,
2018,5,21,월,평일,10028,Pre-코로나,,,,,,
2018,5,22,화,평일,12183,Pre-코로나,,,,,,
2018,5,23,수,평일,8137,Pre-코로나,,,,,,
2018,5,24,목,평일,5388,Pre-코로나,,,,,,
2018,5,25,금,평일,6116,Pre-코로나,,,,,,
2018,5,26,토,주말,13082,Pre-코로나,,,,,,
2018,5,27,일,주말,11245,Pre-코로나,,,,,,
2018,5,28,월,평일,5436,Pre-코로나,,,,,,
2018,5,29,화,평일,6633,Pre-코로나,,,,,,
2018,5,30,수,평일,9015,Pre-코로나,,,,,,
2018,5,31,목,평일,5207,Pre-코로나,,,,,,
2018,6,1,금,평일,4701,Pre-코로나,,,,,,
2018,6,2,토,주말,13404,Pre-코로나,,,,,,
2018,6,3,일,주말,9741,Pre-코로나,,,,,,
2018,6,4,월,평일,4103,Pre-코로나,,,,,,
2018,6,5,화,평일,6605,Pre-코로나,,,,,,
2018,6,6,수,평일,11134,Pre-코로나,,,,,,
2018,6,7,목,평일,3521,Pre-코로나,,,,,,
2018,6,8,금,평일,4614,Pre-코로나,,,,,,
2018,6,9,토,주말,11133,Pre-코로나,,,,,,
2018,6,10,일,주말,9852,Pre-코로나,,,,,,
2018,6,11,월,평일,2721,Pre-코로나,,,,,,
2018,6,12,화,평일,4512,Pre-코로나,,,,,,
2018,6,13,수,평일,9153,Pre-코로나,,,,,,
2018,6,14,목,평일,3992,Pre-코로나,,,,,,
2018,6,15,금,평일,3757,Pre-코로나,,,,,,
2018,6,16,토,주말,12011,Pre-코로나,,,,,,
2018,6,17,일,주말,8790,Pre-코로나,,,,,,
2018,6,18,월,평일,3422,Pre-코로나,,,,,,
2018,6,19,화,평일,6040,Pre-코로나,,,,,,
2018,6,20,수,평일,7704,Pre-코로나,,,,,,
2018,6,21,목,평일,5233,Pre-코로나,,,,,,
2018,6,22,금,평일,5121,Pre-코로나,,,,,,
2018,6,23,토,주말,14032,Pre-코로나,,,,,,
2018,6,24,일,주말,9815,Pre-코로나,,,,,,
2018,6,25,월,평일,3059,Pre-코로나,,,,,,
2018,6,26,화,평일,4815,Pre-코로나,,,,,,
2018,6,27,수,평일,7682,Pre-코로나,,,,,,
2018,6,28,목,평일,4390,Pre-코로나,,,,,,
2018,6,29,금,평일,5523,Pre-코로나,,,,,,
2018,6,30,토,주말,12153,Pre-코로나,,,,,,
2018,7,1,일,주말,9790,Pre-코로나,,,,,,
2018,7,2,월,평일,3386,Pre-코로나,,,,,,
2018,7,3,화,평일,4561,Pre-코로나,,,,,,
2018,7,4,수,평일,6887,Pre-코로나,,,,,,
2018,7,5,목,평일,5297,Pre-코로나,,,,,,
2018,7,6,금,평일,4328,Pre-코로나,,,,,,
2018,7,7,토,주말,14228,Pre-코로나,,,,,,
2018,7,8,일,주말,10120,Pre-코로나,,,,,,
2018,7,9,월,평일,4443,Pre-코로나,,,,,,
2018,7,10,화,평일,6198,Pre-코로나,,,,,,
2018,7,11,수,평일,7278,Pre-코로나,,,,,,
2018,7,12,목,평일,6575,Pre-코로나,,,,,,
2018,7,13,금,평일,7220,Pre-코로나,,,,,,
2018,7,14,토,주말,18289,Pre-코로나,,,,,,
2018,7,15,일,주말,15250,Pre-코로나,,,,,,
2018,7,16,월,평일,5542,Pre-코로나,,,,,,
2018,7,17,화,평일,8337,Pre-코로나,,,,,,
2018,7,18,수,평일,6903,Pre-코로나,,,,,,
2018,7,19,목,평일,7579,Pre-코로나,,,,,,
2018,7,20,금,평일,7108,Pre-코로나,,,,,,
2018,7,21,토,주말,20395,Pre-코로나,,,,,,
2018,7,22,일,주말,14665,Pre-코로나,,,,,,
2018,7,23,월,평일,5121,Pre-코로나,,,,,,
2018,7,24,화,평일,8586,Pre-코로나,,,,,,
2018,7,25,수,평일,11757,Pre-코로나,,,,,,
2018,7,26,목,평일,9570,Pre-코로나,,,,,,
2018,7,27,금,평일,11031,Pre-코로나,,,,,,
2018,7,28,토,주말,18372,Pre-코로나,,,,,,
2018,7,29,일,주말,17840,Pre-코로나,,,,,,
2018,7,30,월,평일,15810,Pre-코로나,,,,,,
2018,7,31,화,평일,18042,Pre-코로나,,,,,,
2018,8,1,수,평일,19087,Pre-코로나,,,,,,
2018,8,2,목,평일,18192,Pre-코로나,,,,,,
2018,8,3,금,평일,23144,Pre-코로나,,,,,,
2018,8,4,토,주말,27136,Pre-코로나,,,,,,
2018,8,5,일,주말,22355,Pre-코로나,,,,,,
2018,8,6,월,평일,15220,Pre-코로나,,,,,,
2018,8,7,화,평일,16745,Pre-코로나,,,,,,
2018,8,8,수,평일,17494,Pre-코로나,,,,,,
2018,8,9,목,평일,15896,Pre-코로나,,,,,,
2018,8,10,금,평일,16665,Pre-코로나,,,,,,
2018,8,11,토,주말,25917,Pre-코로나,,,,,,
2018,8,12,일,주말,25041,Pre-코로나,,,,,,
2018,8,13,월,평일,14748,Pre-코로나,,,,,,
2018,8,14,화,평일,18908,Pre-코로나,,,,,,
2018,8,15,수,평일,33529,Pre-코로나,,,,,,
2018,8,16,목,평일,15750,Pre-코로나,,,,,,
2018,8,17,금,평일,14690,Pre-코로나,,,,,,
2018,8,18,토,주말,26895,Pre-코로나,,,,,,
2018,8,19,일,주말,22269,Pre-코로나,,,,,,
2018,8,20,월,평일,9649,Pre-코로나,,,,,,
2018,8,21,화,평일,11837,Pre-코로나,,,,,,
2018,8,22,수,평일,12129,Pre-코로나,,,,,,
2018,8,23,목,평일,6880,Pre-코로나,,,,,,
2018,8,24,금,평일,8685,Pre-코로나,,,,,,
2018,8,25,토,주말,22287,Pre-코로나,,,,,,
2018,8,26,일,주말,18138,Pre-코로나,,,,,,
2018,8,27,월,평일,5550,Pre-코로나,,,,,,
2018,8,28,화,평일,5176,Pre-코로나,,,,,,
2018,8,29,수,평일,6988,Pre-코로나,,,,,,
2018,8,30,목,평일,5483,Pre-코로나,,,,,,
2018,8,31,금,평일,5338,Pre-코로나,,,,,,
2018,9,1,토,주말,15535,Pre-코로나,,,,,,
2018,9,2,일,주말,12593,Pre-코로나,,,,,,
2018,9,3,월,평일,5183,Pre-코로나,,,,,,
2018,9,4,화,평일,4493,Pre-코로나,,,,,,
2018,9,5,수,평일,6839,Pre-코로나,,,,,,
2018,9,6,목,평일,6611,Pre-코로나,,,,,,
2018,9,7,금,평일,6012,Pre-코로나,,,,,,
2018,9,8,토,주말,14849,Pre-코로나,,,,,,
2018,9,9,일,주말,11516,Pre-코로나,,,,,,
2018,9,10,월,평일,5792,Pre-코로나,,,,,,
2018,9,11,화,평일,7684,Pre-코로나,,,,,,
2018,9,12,수,평일,10787,Pre-코로나,,,,,,
2018,9,13,목,평일,9810,Pre-코로나,,,,,,
2018,9,14,금,평일,8408,Pre-코로나,,,,,,
2018,9,15,토,주말,14329,Pre-코로나,,,,,,
2018,9,16,일,주말,11154,Pre-코로나,,,,,,
2018,9,17,월,평일,10447,Pre-코로나,,,,,,
2018,9,18,화,평일,10715,Pre-코로나,,,,,,
2018,9,19,수,평일,11962,Pre-코로나,,,,,,
2018,9,20,목,평일,9665,Pre-코로나,,,,,,
2018,9,21,금,평일,6836,Pre-코로나,,,,,,
2018,9,22,토,주말,11129,Pre-코로나,,,,,,
2018,9,23,일,주말,7298,Pre-코로나,,,,,,
2018,9,24,월,평일,0,Pre-코로나,,,,,,
2018,9,25,화,평일,16110,Pre-코로나,,,,,,
2018,9,26,수,평일,10828,Pre-코로나,,,,,,
2018,9,27,목,평일,4404,Pre-코로나,,,,,,
2018,9,28,금,평일,7204,Pre-코로나,,,,,,
2018,9,29,토,주말,11421,Pre-코로나,,,,,,
2018,9,30,일,주말,8599,Pre-코로나,,,,,,
2018,10,1,월,평일,6692,Pre-코로나,,,,,,
2018,10,2,화,평일,9061,Pre-코로나,,,,,,
2018,10,3,수,평일,11891,Pre-코로나,,,,,,
2018,10,4,목,평일,6778,Pre-코로나,,,,,,
2018,10,5,금,평일,10529,Pre-코로나,,,,,,
2018,10,6,토,주말,14241,Pre-코로나,,,,,,
2018,10,7,일,주말,17262,Pre-코로나,,,,,,
2018,10,8,월,평일,8430,Pre-코로나,,,,,,
2018,10,9,화,평일,19894,Pre-코로나,,,,,,
2018,10,10,수,평일,10517,Pre-코로나,,,,,,
2018,10,11,목,평일,9007,Pre-코로나,,,,,,
2018,10,12,금,평일,8326,Pre-코로나,,,,,,
2018,10,13,토,주말,11744,Pre-코로나,,,,,,
2018,10,14,일,주말,12311,Pre-코로나,,,,,,
2018,10,15,월,평일,5732,Pre-코로나,,,,,,
2018,10,16,화,평일,10151,Pre-코로나,,,,,,
2018,10,17,수,평일,10661,Pre-코로나,,,,,,
2018,10,18,목,평일,10588,Pre-코로나,,,,,,
2018,10,19,금,평일,11085,Pre-코로나,,,,,,
2018,10,20,토,주말,13626,Pre-코로나,,,,,,
2018,10,21,일,주말,13758,Pre-코로나,,,,,,
2018,10,22,월,평일,7187,Pre-코로나,,,,,,
2018,10,23,화,평일,9715,Pre-코로나,,,,,,
2018,10,24,수,평일,11260,Pre-코로나,,,,,,
2018,10,25,목,평일,9749,Pre-코로나,,,,,,
2018,10,26,금,평일,12489,Pre-코로나,,,,,,
2018,10,27,토,주말,16523,Pre-코로나,,,,,,
2018,10,28,일,주말,16259,Pre-코로나,,,,,,
2018,10,29,월,평일,8570,Pre-코로나,,,,,,
2018,10,30,화,평일,7429,Pre-코로나,,,,,,
2018,10,31,수,평일,8907,Pre-코로나,,,,,,
2018,11,1,목,평일,6833,Pre-코로나,,,,,,
2018,11,2,금,평일,7364,Pre-코로나,,,,,,
2018,11,3,토,주말,10150,Pre-코로나,,,,,,
2018,11,4,일,주말,7857,Pre-코로나,,,,,,
2018,11,5,월,평일,650,Pre-코로나,,,,,,
2018,11,6,화,평일,6387,Pre-코로나,,,,,,
2018,11,7,수,평일,8150,Pre-코로나,,,,,,
2018,11,8,목,평일,6917,Pre-코로나,,,,,,
2018,11,9,금,평일,6317,Pre-코로나,,,,,,
2018,11,10,토,주말,15203,Pre-코로나,,,,,,
2018,11,11,일,주말,9123,Pre-코로나,,,,,,
2018,11,12,월,평일,3636,Pre-코로나,,,,,,
2018,11,13,화,평일,4512,Pre-코로나,,,,,,
2018,11,14,수,평일,6444,Pre-코로나,,,,,,
2018,11,15,목,평일,5537,Pre-코로나,,,,,,
2018,11,16,금,평일,6057,Pre-코로나,,,,,,
2018,11,17,토,주말,11014,Pre-코로나,,,,,,
2018,11,18,일,주말,8458,Pre-코로나,,,,,,
2018,11,19,월,평일,4154,Pre-코로나,,,,,,
2018,11,20,화,평일,5460,Pre-코로나,,,,,,
2018,11,21,수,평일,5306,Pre-코로나,,,,,,
2018,11,22,목,평일,5679,Pre-코로나,,,,,,
2018,11,23,금,평일,5922,Pre-코로나,,,,,,
2018,11,24,토,주말,8804,Pre-코로나,,,,,,
2018,11,25,일,주말,8431,Pre-코로나,,,,,,
2018,11,26,월,평일,4947,Pre-코로나,,,,,,
2018,11,27,화,평일,5495,Pre-코로나,,,,,,
2018,11,28,수,평일,7190,Pre-코로나,,,,,,
2018,11,29,목,평일,5705,Pre-코로나,,,,,,
2018,11,30,금,평일,5574,Pre-코로나,,,,,,
2018,12,1,토,주말,10434,Pre-코로나,,,,,,
2018,12,2,일,주말,8709,Pre-코로나,,,,,,
2018,12,3,월,평일,6839,Pre-코로나,,,,,,
2018,12,4,화,평일,6131,Pre-코로나,,,,,,
2018,12,5,수,평일,8441,Pre-코로나,,,,,,
2018,12,6,목,평일,5139,Pre-코로나,,,,,,
2018,12,7,금,평일,5757,Pre-코로나,,,,,,
2018,12,8,토,주말,11333,Pre-코로나,,,,,,
2018,12,9,일,주말,9533,Pre-코로나,,,,,,
2018,12,10,월,평일,4407,Pre-코로나,,,,,,
2018,12,11,화,평일,6230,Pre-코로나,,,,,,
2018,12,12,수,평일,7322,Pre-코로나,,,,,,
2018,12,13,목,평일,6995,Pre-코로나,,,,,,
2018,12,14,금,평일,6049,Pre-코로나,,,,,,
2018,12,15,토,주말,13835,Pre-코로나,,,,,,
2018,12,16,일,주말,10818,Pre-코로나,,,,,,
2018,12,17,월,평일,4559,Pre-코로나,,,,,,
2018,12,18,화,평일,6523,Pre-코로나,,,,,,
2018,12,19,수,평일,7829,Pre-코로나,,,,,,
2018,12,20,목,평일,6559,Pre-코로나,,,,,,
2018,12,21,금,평일,6706,Pre-코로나,,,,,,
2018,12,22,토,주말,12513,Pre-코로나,,,,,,
2018,12,23,일,주말,11685,Pre-코로나,,,,,,
2018,12,24,월,평일,6701,Pre-코로나,,,,,,
2018,12,25,화,평일,10524,Pre-코로나,,,,,,
2018,12,26,수,평일,7763,Pre-코로나,,,,,,
2018,12,27,목,평일,8134,Pre-코로나,,,,,,
2018,12,28,금,평일,7183,Pre-코로나,,,,,,
2018,12,29,토,주말,12270,Pre-코로나,,,,,,
2018,12,30,일,주말,13128,Pre-코로나,,,,,,
2018,12,31,월,평일,16666,Pre-코로나,,,,,,
2019,1,1,화,평일,0,Pre-코로나,,,,,,
2019,1,2,수,평일,8534,Pre-코로나,,,,,,
2019,1,3,목,평일,7658,Pre-코로나,,,,,,
2019,1,4,금,평일,7562,Pre-코로나,,,,,,
2019,1,5,토,주말,14955,Pre-코로나,,,,,,
2019,1,6,일,주말,12957,Pre-코로나,,,,,,
2019,1,7,월,평일,5872,Pre-코로나,,,,,,
2019,1,8,화,평일,7358,Pre-코로나,,,,,,
2019,1,9,수,평일,8788,Pre-코로나,,,,,,
2019,1,10,목,평일,8619,Pre-코로나,,,,,,
2019,1,11,금,평일,8655,Pre-코로나,,,,,,
2019,1,12,토,주말,18712,Pre-코로나,,,,,,
2019,1,13,일,주말,17096,Pre-코로나,,,,,,
2019,1,14,월,평일,6453,Pre-코로나,,,,,,
2019,1,15,화,평일,8124,Pre-코로나,,,,,,
2019,1,16,수,평일,8942,Pre-코로나,,,,,,
2019,1,17,목,평일,8323,Pre-코로나,,,,,,
2019,1,18,금,평일,7865,Pre-코로나,,,,,,
2019,1,19,토,주말,18928,Pre-코로나,,,,,,
2019,1,20,일,주말,16849,Pre-코로나,,,,,,
2019,1,21,월,평일,6001,Pre-코로나,,,,,,
2019,1,22,화,평일,8452,Pre-코로나,,,,,,
2019,1,23,수,평일,9026,Pre-코로나,,,,,,
2019,1,24,목,평일,9037,Pre-코로나,,,,,,
2019,1,25,금,평일,7991,Pre-코로나,,,,,,
2019,1,26,토,주말,17308,Pre-코로나,,,,,,
2019,1,27,일,주말,14726,Pre-코로나,,,,,,
2019,1,28,월,평일,5251,Pre-코로나,,,,,,
2019,1,29,화,평일,7428,Pre-코로나,,,,,,
2019,1,30,수,평일,9373,Pre-코로나,,,,,,
2019,1,31,목,평일,5760,Pre-코로나,,,,,,
2019,2,1,금,평일,4747,Pre-코로나,,,,,,
2019,2,2,토,주말,12390,Pre-코로나,,,,,,
2019,2,3,일,주말,13626,Pre-코로나,,,,,,
2019,2,4,월,평일,21090,Pre-코로나,,,,,,
2019,2,5,화,평일,0,Pre-코로나,,,,,,
2019,2,6,수,평일,16798,Pre-코로나,,,,,,
2019,2,7,목,평일,6370,Pre-코로나,,,,,,
2019,2,8,금,평일,6542,Pre-코로나,,,,,,
2019,2,9,토,주말,17864,Pre-코로나,,,,,,
2019,2,10,일,주말,15888,Pre-코로나,,,,,,
2019,2,11,월,평일,4734,Pre-코로나,,,,,,
2019,2,12,화,평일,6098,Pre-코로나,,,,,,
2019,2,13,수,평일,7548,Pre-코로나,,,,,,
2019,2,14,목,평일,7435,Pre-코로나,,,,,,
2019,2,15,금,평일,6267,Pre-코로나,,,,,,
2019,2,16,토,주말,17057,Pre-코로나,,,,,,
2019,2,17,일,주말,16113,Pre-코로나,,,,,,
2019,2,18,월,평일,5842,Pre-코로나,,,,,,
2019,2,19,화,평일,6871,Pre-코로나,,,,,,
2019,2,20,수,평일,9676,Pre-코로나,,,,,,
2019,2,21,목,평일,9120,Pre-코로나,,,,,,
2019,2,22,금,평일,10076,Pre-코로나,,,,,,
2019,2,23,토,주말,17974,Pre-코로나,,,,,,
2019,2,24,일,주말,19214,Pre-코로나,,,,,,
2019,2,25,월,평일,8040,Pre-코로나,,,,,,
2019,2,26,화,평일,9063,Pre-코로나,,,,,,
2019,2,27,수,평일,11946,Pre-코로나,,,,,,
2019,2,28,목,평일,9559,Pre-코로나,,,,,,
2019,3,1,금,평일,32469,Pre-코로나,,,,,,
2019,3,2,토,주말,19736,Pre-코로나,,,,,,
2019,3,3,일,주말,13153,Pre-코로나,,,,,,
2019,3,4,월,평일,1943,Pre-코로나,,,,,,
2019,3,5,화,평일,2206,Pre-코로나,,,,,,
2019,3,6,수,평일,3428,Pre-코로나,,,,,,
2019,3,7,목,평일,2510,Pre-코로나,,,,,,
2019,3,8,금,평일,2123,Pre-코로나,,,,,,
2019,3,9,토,주말,7998,Pre-코로나,,,,,,
2019,3,10,일,주말,6747,Pre-코로나,,,,,,
2019,3,11,월,평일,1937,Pre-코로나,,,,,,
2019,3,12,화,평일,2232,Pre-코로나,,,,,,
2019,3,13,수,평일,3130,Pre-코로나,,,,,,
2019,3,14,목,평일,1998,Pre-코로나,,,,,,
2019,3,15,금,평일,1366,Pre-코로나,,,,,,
2019,3,16,토,주말,8782,Pre-코로나,,,,,,
2019,3,17,일,주말,6698,Pre-코로나,,,,,,
2019,3,18,월,평일,1435,Pre-코로나,,,,,,
2019,3,19,화,평일,1918,Pre-코로나,,,,,,
2019,3,20,수,평일,3133,Pre-코로나,,,,,,
2019,3,21,목,평일,2273,Pre-코로나,,,,,,
2019,3,22,금,평일,2654,Pre-코로나,,,,,,
2019,3,23,토,주말,8382,Pre-코로나,,,,,,
2019,3,24,일,주말,7045,Pre-코로나,,,,,,
2019,3,25,월,평일,1989,Pre-코로나,,,,,,
2019,3,26,화,평일,2613,Pre-코로나,,,,,,
2019,3,27,수,평일,4787,Pre-코로나,,,,,,
2019,3,28,목,평일,3079,Pre-코로나,,,,,,
2019,3,29,금,평일,2996,Pre-코로나,,,,,,
2019,3,30,토,주말,7663,Pre-코로나,,,,,,
2019,3,31,일,주말,6119,Pre-코로나,,,,,,
2019,4,1,월,평일,428,Pre-코로나,,,,,,
2019,4,2,화,평일,3367,Pre-코로나,,,,,,
2019,4,3,수,평일,5198,Pre-코로나,,,,,,
2019,4,4,목,평일,2687,Pre-코로나,,,,,,
2019,4,5,금,평일,3209,Pre-코로나,,,,,,
2019,4,6,토,주말,8020,Pre-코로나,,,,,,
2019,4,7,일,주말,4653,Pre-코로나,,,,,,
2019,4,8,월,평일,3194,Pre-코로나,,,,,,
2019,4,9,화,평일,4288,Pre-코로나,,,,,,
2019,4,10,수,평일,6099,Pre-코로나,,,,,,
2019,4,11,목,평일,4552,Pre-코로나,,,,,,
2019,4,12,금,평일,5172,Pre-코로나,,,,,,
2019,4,13,토,주말,8298,Pre-코로나,,,,,,
2019,4,14,일,주말,6598,Pre-코로나,,,,,,
2019,4,15,월,평일,3983,Pre-코로나,,,,,,
2019,4,16,화,평일,4645,Pre-코로나,,,,,,
2019,4,17,수,평일,7159,Pre-코로나,,,,,,
2019,4,18,목,평일,6503,Pre-코로나,,,,,,
2019,4,19,금,평일,5742,Pre-코로나,,,,,,
2019,4,20,토,주말,9298,Pre-코로나,,,,,,
2019,4,21,일,주말,6570,Pre-코로나,,,,,,
2019,4,22,월,평일,4080,Pre-코로나,,,,,,
2019,4,23,화,평일,6053,Pre-코로나,,,,,,
2019,4,24,수,평일,9532,Pre-코로나,,,,,,
2019,4,25,목,평일,9656,Pre-코로나,,,,,,
2019,4,26,금,평일,7069,Pre-코로나,,,,,,
2019,4,27,토,주말,11246,Pre-코로나,,,,,,
2019,4,28,일,주말,7401,Pre-코로나,,,,,,
2019,4,29,월,평일,5888,Pre-코로나,,,,,,
2019,4,30,화,평일,6708,Pre-코로나,,,,,,
2019,5,1,수,평일,11747,Pre-코로나,,,,,,
2019,5,2,목,평일,6335,Pre-코로나,,,,,,
2019,5,3,금,평일,6066,Pre-코로나,,,,,,
2019,5,4,토,주말,15702,Pre-코로나,,,,,,
2019,5,5,일,주말,27440,Pre-코로나,,,,,,
2019,5,6,월,평일,8675,Pre-코로나,,,,,,
2019,5,7,화,평일,9478,Pre-코로나,,,,,,
2019,5,8,수,평일,6707,Pre-코로나,,,,,,
2019,5,9,목,평일,6168,Pre-코로나,,,,,,
2019,5,10,금,평일,5587,Pre-코로나,,,,,,
2019,5,11,토,주말,10689,Pre-코로나,,,,,,
2019,5,12,일,주말,8461,Pre-코로나,,,,,,
2019,5,13,월,평일,4419,Pre-코로나,,,,,,
2019,5,14,화,평일,6157,Pre-코로나,,,,,,
2019,5,15,수,평일,8868,Pre-코로나,,,,,,
2019,5,16,목,평일,7952,Pre-코로나,,,,,,
2019,5,17,금,평일,8218,Pre-코로나,,,,,,
2019,5,18,토,주말,39605,Pre-코로나,,,,,,
2019,5,19,일,주말,31906,Pre-코로나,,,,,,
2019,5,20,월,평일,3921,Pre-코로나,,,,,,
2019,5,21,화,평일,5122,Pre-코로나,,,,,,
2019,5,22,수,평일,7566,Pre-코로나,,,,,,
2019,5,23,목,평일,7552,Pre-코로나,,,,,,
2019,5,24,금,평일,7577,Pre-코로나,,,,,,
2019,5,25,토,주말,14902,Pre-코로나,,,,,,
2019,5,26,일,주말,10975,Pre-코로나,,,,,,
2019,5,27,월,평일,4967,Pre-코로나,,,,,,
2019,5,28,화,평일,6115,Pre-코로나,,,,,,
2019,5,29,수,평일,10372,Pre-코로나,,,,,,
2019,5,30,목,평일,6750,Pre-코로나,,,,,,
2019,5,31,금,평일,4697,Pre-코로나,,,,,,
2019,6,1,토,주말,12236,Pre-코로나,,,,,,
2019,6,2,일,주말,9190,Pre-코로나,,,,,,
2019,6,3,월,평일,4262,Pre-코로나,,,,,,
2019,6,4,화,평일,5370,Pre-코로나,,,,,,
2019,6,5,수,평일,6380,Pre-코로나,,,,,,
2019,6,6,목,평일,12013,Pre-코로나,,,,,,
2019,6,7,금,평일,9951,Pre-코로나,,,,,,
2019,6,8,토,주말,13585,Pre-코로나,,,,,,
2019,6,9,일,주말,7792,Pre-코로나,,,,,,
2019,6,10,월,평일,3185,Pre-코로나,,,,,,
2019,6,11,화,평일,5767,Pre-코로나,,,,,,
2019,6,12,수,평일,6267,Pre-코로나,,,,,,
2019,6,13,목,평일,7045,Pre-코로나,,,,,,
2019,6,14,금,평일,5025,Pre-코로나,,,,,,
2019,6,15,토,주말,13271,Pre-코로나,,,,,,
2019,6,16,일,주말,9397,Pre-코로나,,,,,,
2019,6,17,월,평일,3117,Pre-코로나,,,,,,
2019,6,18,화,평일,3827,Pre-코로나,,,,,,
2019,6,19,수,평일,5295,Pre-코로나,,,,,,
2019,6,20,목,평일,4797,Pre-코로나,,,,,,
2019,6,21,금,평일,4105,Pre-코로나,,,,,,
2019,6,22,토,주말,12418,Pre-코로나,,,,,,
2019,6,23,일,주말,7929,Pre-코로나,,,,,,
2019,6,24,월,평일,3524,Pre-코로나,,,,,,
2019,6,25,화,평일,4046,Pre-코로나,,,,,,
2019,6,26,수,평일,4236,Pre-코로나,,,,,,
2019,6,27,목,평일,4799,Pre-코로나,,,,,,
2019,6,28,금,평일,4221,Pre-코로나,,,,,,
2019,6,29,토,주말,10665,Pre-코로나,,,,,,
2019,6,30,일,주말,5189,Pre-코로나,,,,,,
2019,7,1,월,평일,2794,Pre-코로나,,,,,,
2019,7,2,화,평일,2937,Pre-코로나,,,,,,
2019,7,3,수,평일,4370,Pre-코로나,,,,,,
2019,7,4,목,평일,3674,Pre-코로나,,,,,,
2019,7,5,금,평일,5021,Pre-코로나,,,,,,
2019,7,6,토,주말,14791,Pre-코로나,,,,,,
2019,7,7,일,주말,11735,Pre-코로나,,,,,,
2019,7,8,월,평일,5110,Pre-코로나,,,,,,
2019,7,9,화,평일,6099,Pre-코로나,,,,,,
2019,7,10,수,평일,8015,Pre-코로나,,,,,,
2019,7,11,목,평일,7300,Pre-코로나,,,,,,
2019,7,12,금,평일,8159,Pre-코로나,,,,,,
2019,7,13,토,주말,19819,Pre-코로나,,,,,,
2019,7,14,일,주말,14571,Pre-코로나,,,,,,
2019,7,15,월,평일,5191,Pre-코로나,,,,,,
2019,7,16,화,평일,5396,Pre-코로나,,,,,,
2019,7,17,수,평일,7165,Pre-코로나,,,,,,
2019,7,18,목,평일,6792,Pre-코로나,,,,,,
2019,7,19,금,평일,6365,Pre-코로나,,,,,,
2019,7,20,토,주말,18175,Pre-코로나,,,,,,
2019,7,21,일,주말,14589,Pre-코로나,,,,,,
2019,7,22,월,평일,5669,Pre-코로나,,,,,,
2019,7,23,화,평일,7778,Pre-코로나,,,,,,
2019,7,24,수,평일,10517,Pre-코로나,,,,,,
2019,7,25,목,평일,9696,Pre-코로나,,,,,,
2019,7,26,금,평일,11500,Pre-코로나,,,,,,
2019,7,27,토,주말,25650,Pre-코로나,,,,,,
2019,7,28,일,주말,22135,Pre-코로나,,,,,,
2019,7,29,월,평일,18107,Pre-코로나,,,,,,
2019,7,30,화,평일,20432,Pre-코로나,,,,,,
2019,7,31,수,평일,23972,Pre-코로나,,,,,,
2019,8,1,목,평일,18620,Pre-코로나,,,,,,
2019,8,2,금,평일,19838,Pre-코로나,,,,,,
2019,8,3,토,주말,25481,Pre-코로나,,,,,,
2019,8,4,일,주말,19551,Pre-코로나,,,,,,
2019,8,5,월,평일,16024,Pre-코로나,,,,,,
2019,8,6,화,평일,17966,Pre-코로나,,,,,,
2019,8,7,수,평일,17983,Pre-코로나,,,,,,
2019,8,8,목,평일,17419,Pre-코로나,,,,,,
2019,8,9,금,평일,16990,Pre-코로나,,,,,,
2019,8,10,토,주말,24050,Pre-코로나,,,,,,
2019,8,11,일,주말,20783,Pre-코로나,,,,,,
2019,8,12,월,평일,13515,Pre-코로나,,,,,,
2019,8,13,화,평일,17248,Pre-코로나,,,,,,
2019,8,14,수,평일,15961,Pre-코로나,,,,,,
2019,8,15,목,평일,31107,Pre-코로나,,,,,,
2019,8,16,금,평일,17172,Pre-코로나,,,,,,
2019,8,17,토,주말,21935,Pre-코로나,,,,,,
2019,8,18,일,주말,19974,Pre-코로나,,,,,,
2019,8,19,월,평일,9544,Pre-코로나,,,,,,
2019,8,20,화,평일,11931,Pre-코로나,,,,,,
2019,8,21,수,평일,10661,Pre-코로나,,,,,,
2019,8,22,목,평일,10984,Pre-코로나,,,,,,
2019,8,23,금,평일,8465,Pre-코로나,,,,,,
2019,8,24,토,주말,17741,Pre-코로나,,,,,,
2019,8,25,일,주말,16108,Pre-코로나,,,,,,
2019,8,26,월,평일,7664,Pre-코로나,,,,,,
2019,8,27,화,평일,6920,Pre-코로나,,,,,,
2019,8,28,수,평일,9285,Pre-코로나,,,,,,
2019,8,29,목,평일,7323,Pre-코로나,,,,,,
2019,8,30,금,평일,6242,Pre-코로나,,,,,,
2019,8,31,토,주말,18955,Pre-코로나,,,,,,
2019,9,1,일,주말,15011,Pre-코로나,,,,,,
2019,9,2,월,평일,3646,Pre-코로나,,,,,,
2019,9,3,화,평일,4547,Pre-코로나,,,,,,
2019,9,4,수,평일,5299,Pre-코로나,,,,,,
2019,9,5,목,평일,5760,Pre-코로나,,,,,,
2019,9,6,금,평일,4802,Pre-코로나,,,,,,
2019,9,7,토,주말,6618,Pre-코로나,,,,,,
2019,9,8,일,주말,11555,Pre-코로나,,,,,,
2019,9,9,월,평일,4502,Pre-코로나,,,,,,
2019,9,10,화,평일,4357,Pre-코로나,,,,,,
2019,9,11,수,평일,4130,Pre-코로나,,,,,,
2019,9,12,목,평일,10198,Pre-코로나,,,,,,
2019,9,13,금,평일,0,Pre-코로나,,,,,,
2019,9,14,토,주말,20674,Pre-코로나,,,,,,
2019,9,15,일,주말,13753,Pre-코로나,,,,,,
2019,9,16,월,평일,4667,Pre-코로나,,,,,,
2019,9,17,화,평일,8318,Pre-코로나,,,,,,
2019,9,18,수,평일,9738,Pre-코로나,,,,,,
2019,9,19,목,평일,9988,Pre-코로나,,,,,,
2019,9,20,금,평일,7752,Pre-코로나,,,,,,
2019,9,21,토,주말,17036,Pre-코로나,,,,,,
2019,9,22,일,주말,16495,Pre-코로나,,,,,,
2019,9,23,월,평일,4531,Pre-코로나,,,,,,
2019,9,24,화,평일,7154,Pre-코로나,,,,,,
2019,9,25,수,평일,9563,Pre-코로나,,,,,,
2019,9,26,목,평일,8430,Pre-코로나,,,,,,
2019,9,27,금,평일,8008,Pre-코로나,,,,,,
2019,9,28,토,주말,13556,Pre-코로나,,,,,,
2019,9,29,일,주말,10927,Pre-코로나,,,,,,
2019,9,30,월,평일,5802,Pre-코로나,,,,,,
2019,10,1,화,평일,7102,Pre-코로나,,,,,,
2019,10,2,수,평일,9141,Pre-코로나,,,,,,
2019,10,3,목,평일,18833,Pre-코로나,,,,,,
2019,10,4,금,평일,15075,Pre-코로나,,,,,,
2019,10,5,토,주말,15123,Pre-코로나,,,,,,
2019,10,6,일,주말,9471,Pre-코로나,,,,,,
2019,10,7,월,평일,5957,Pre-코로나,,,,,,
2019,10,8,화,평일,9081,Pre-코로나,,,,,,
2019,10,9,수,평일,15330,Pre-코로나,,,,,,
2019,10,10,목,평일,7467,Pre-코로나,,,,,,
2019,10,11,금,평일,7734,Pre-코로나,,,,,,
2019,10,12,토,주말,13086,Pre-코로나,,,,,,
2019,10,13,일,주말,9768,Pre-코로나,,,,,,
2019,10,14,월,평일,6501,Pre-코로나,,,,,,
2019,10,15,화,평일,7183,Pre-코로나,,,,,,
2019,10,16,수,평일,10687,Pre-코로나,,,,,,
2019,10,17,목,평일,10878,Pre-코로나,,,,,,
2019,10,18,금,평일,8556,Pre-코로나,,,,,,
2019,10,19,토,주말,13007,Pre-코로나,,,,,,
2019,10,20,일,주말,10278,Pre-코로나,,,,,,
2019,10,21,월,평일,8729,Pre-코로나,,,,,,
2019,10,22,화,평일,7536,Pre-코로나,,,,,,
2019,10,23,수,평일,8861,Pre-코로나,,,,,,
2019,10,24,목,평일,9443,Pre-코로나,,,,,,
2019,10,25,금,평일,8521,Pre-코로나,,,,,,
2019,10,26,토,주말,12936,Pre-코로나,,,,,,
2019,10,27,일,주말,12170,Pre-코로나,,,,,,
2019,10,28,월,평일,5179,Pre-코로나,,,,,,
2019,10,29,화,평일,6497,Pre-코로나,,,,,,
2019,10,30,수,평일,7995,Pre-코로나,,,,,,
2019,10,31,목,평일,7310,Pre-코로나,,,,,,
2019,11,1,금,평일,6080,Pre-코로나,,,,,,
2019,11,2,토,주말,10851,Pre-코로나,,,,,,
2019,11,3,일,주말,8632,Pre-코로나,,,,,,
2019,11,4,월,평일,868,Pre-코로나,,,,,,
2019,11,5,화,평일,5191,Pre-코로나,,,,,,
2019,11,6,수,평일,6134,Pre-코로나,,,,,,
2019,11,7,목,평일,5409,Pre-코로나,,,,,,
2019,11,8,금,평일,5250,Pre-코로나,,,,,,
2019,11,9,토,주말,11215,Pre-코로나,,,,,,
2019,11,10,일,주말,7901,Pre-코로나,,,,,,
2019,11,11,월,평일,2469,Pre-코로나,,,,,,
2019,11,12,화,평일,4471,Pre-코로나,,,,,,
2019,11,13,수,평일,5738,Pre-코로나,,,,,,
2019,11,14,목,평일,7095,Pre-코로나,,,,,,
2019,11,15,금,평일,9491,Pre-코로나,,,,,,
2019,11,16,토,주말,18801,Pre-코로나,,,,,,
2019,11,17,일,주말,14684,Pre-코로나,,,,,,
2019,11,18,월,평일,2892,Pre-코로나,,,,,,
2019,11,19,화,평일,4231,Pre-코로나,,,,,,
2019,11,20,수,평일,5722,Pre-코로나,,,,,,
2019,11,21,목,평일,5189,Pre-코로나,,,,,,
2019,11,22,금,평일,4730,Pre-코로나,,,,,,
2019,11,23,토,주말,9357,Pre-코로나,,,,,,
2019,11,24,일,주말,7874,Pre-코로나,,,,,,
2019,11,25,월,평일,3349,Pre-코로나,,,,,,
2019,11,26,화,평일,4844,Pre-코로나,,,,,,
2019,11,27,수,평일,7373,Pre-코로나,,,,,,
2019,11,28,목,평일,5499,Pre-코로나,,,,,,
2019,11,29,금,평일,5727,Pre-코로나,,,,,,
2019,11,30,토,주말,9063,Pre-코로나,,,,,,
2019,12,1,일,주말,8376,Pre-코로나,,,,,,
2019,12,2,월,평일,5711,Pre-코로나,,,,,,
2019,12,3,화,평일,4851,Pre-코로나,,,,,,
2019,12,4,수,평일,7021,Pre-코로나,,,,,,
2019,12,5,목,평일,5279,Pre-코로나,,,,,,
2019,12,6,금,평일,5938,Pre-코로나,,,,,,
2019,12,7,토,주말,9937,Pre-코로나,,,,,,
2019,12,8,일,주말,8472,Pre-코로나,,,,,,
2019,12,9,월,평일,4952,Pre-코로나,,,,,,
2019,12,10,화,평일,5380,Pre-코로나,,,,,,
2019,12,11,수,평일,6402,Pre-코로나,,,,,,
2019,12,12,목,평일,5742,Pre-코로나,,,,,,
2019,12,13,금,평일,5368,Pre-코로나,,,,,,
2019,12,14,토,주말,10659,Pre-코로나,,,,,,
2019,12,15,일,주말,10705,Pre-코로나,,,,,,
2019,12,16,월,평일,5909,Pre-코로나,,,,,,
2019,12,17,화,평일,7220,Pre-코로나,,,,,,
2019,12,18,수,평일,7822,Pre-코로나,,,,,,
2019,12,19,목,평일,8041,Pre-코로나,,,,,,
2019,12,20,금,평일,8744,Pre-코로나,,,,,,
2019,12,21,토,주말,13723,Pre-코로나,,,,,,
2019,12,22,일,주말,11710,Pre-코로나,,,,,,
2019,12,23,월,평일,5802,Pre-코로나,,,,,,
2019,12,24,화,평일,16220,Pre-코로나,,,,,,
2019,12,25,수,평일,11913,Pre-코로나,,,,,,
2019,12,26,목,평일,7889,Pre-코로나,,,,,,
2019,12,27,금,평일,8237,Pre-코로나,,,,,,
2019,12,28,토,주말,17382,Pre-코로나,,,,,,
2019,12,29,일,주말,16841,Pre-코로나,,,,,,
2019,12,30,월,평일,11602,Pre-코로나,,,,,,
2019,12,31,화,평일,12978,Pre-코로나,,,,,,
2020,1,1,수,평일,0,Pre-코로나,,,,,,
2020,1,2,목,평일,9296,Pre-코로나,,,,,,
2020,1,3,금,평일,9651,Pre-코로나,,,,,,
2020,1,4,토,주말,17778,Pre-코로나,,,,,,
2020,1,5,일,주말,16387,Pre-코로나,,,,,,
2020,1,6,월,평일,6160,Pre-코로나,,,,,,
2020,1,7,화,평일,7788,Pre-코로나,,,,,,
2020,1,8,수,평일,7775,Pre-코로나,,,,,,
2020,1,9,목,평일,8245,Pre-코로나,,,,,,
2020,1,10,금,평일,8993,Pre-코로나,,,,,,
2020,1,11,토,주말,18390,Pre-코로나,,,,,,
2020,1,12,일,주말,18180,Pre-코로나,,,,,,
2020,1,13,월,평일,7811,Pre-코로나,,,,,,
2020,1,14,화,평일,8890,Pre-코로나,,,,,,
2020,1,15,수,평일,9845,Pre-코로나,,,,,,
2020,1,16,목,평일,9115,Pre-코로나,,,,,,
2020,1,17,금,평일,9503,Pre-코로나,,,,,,
2020,1,18,토,주말,19879,Pre-코로나,,,,,,
2020,1,19,일,주말,18418,Pre-코로나,,,,,,
2020,1,20,월,평일,6376,Pre-코로나,,,,,,
2020,1,21,화,평일,8171,Pre-코로나,,,,,,
2020,1,22,수,평일,8146,Pre-코로나,,,,,,
2020,1,23,목,평일,6721,Pre-코로나,,,,,,
2020,1,24,금,평일,12096,Pre-코로나,,,,,,
2020,1,25,토,주말,0,Pre-코로나,,,,,,
2020,1,26,일,주말,21325,Pre-코로나,,,,,,
2020,1,27,월,평일,18246,Pre-코로나,,,,,,
2020,1,28,화,평일,4422,Pre-코로나,,,,,,
2020,1,29,수,평일,5103,Pre-코로나,,,,,,
2020,1,30,목,평일,3940,Pre-코로나,,,,,,
2020,1,31,금,평일,3179,Pre-코로나,,,,,,
2020,2,1,토,주말,7543,Pre-코로나,,,,,,
2020,2,2,일,주말,4836,Pre-코로나,,,,,,
2020,2,3,월,평일,2044,Pre-코로나,,,,,,
2020,2,4,화,평일,2246,Pre-코로나,,,,,,
2020,2,5,수,평일,2310,Pre-코로나,,,,,,
2020,2,6,목,평일,2281,Pre-코로나,,,,,,
2020,2,7,금,평일,2259,Pre-코로나,,,,,,
2020,2,8,토,주말,4295,Pre-코로나,,,,,,
2020,2,9,일,주말,4182,Pre-코로나,,,,,,
2020,2,10,월,평일,2103,Pre-코로나,,,,,,
2020,2,11,화,평일,2300,Pre-코로나,,,,,,
2020,2,12,수,평일,2942,Pre-코로나,,,,,,
2020,2,13,목,평일,2664,Pre-코로나,,,,,,
2020,2,14,금,평일,3057,Pre-코로나,,,,,,
2020,2,15,토,주말,6406,Pre-코로나,,,,,,
2020,2,16,일,주말,5791,Pre-코로나,,,,,,
2020,2,17,월,평일,3494,Pre-코로나,,,,,,
2020,2,18,화,평일,2900,Pre-코로나,,,,,,
2020,2,19,수,평일,3027,Pre-코로나,,,,,,
2020,2,20,목,평일,2459,Pre-코로나,,,,,,
2020,2,21,금,평일,2765,Pre-코로나,,,,,,
2020,2,22,토,주말,3177,Pre-코로나,,,,,,
2020,2,23,일,주말,2448,Pre-코로나,,,,,,
2020,2,24,월,평일,1572,Pre-코로나,,,,,,
2022,4,18,월,평일,3590,Post-코로나,,,,,,
2022,4,19,화,평일,2989,Post-코로나,,,,,,
2022,4,20,수,평일,3979,Post-코로나,,,,,,
2022,4,21,목,평일,3608,Post-코로나,,,,,,
2022,4,22,금,평일,3522,Post-코로나,,,,,,
2022,4,23,토,주말,9728,Post-코로나,,,,,,
2022,4,24,일,주말,7195,Post-코로나,,,,,,
2022,4,25,월,평일,2685,Post-코로나,,,,,,
2022,4,26,화,평일,3588,Post-코로나,,,,,,
2022,4,27,수,평일,4123,Post-코로나,,,,,,
2022,4,28,목,평일,5936,Post-코로나,,,,,,
2022,4,29,금,평일,7957,Post-코로나,,,,,,
2022,4,30,토,주말,13383,Post-코로나,,,,,,
2022,5,1,일,주말,10601,Post-코로나,,,,,,
2022,5,2,월,평일,4385,Post-코로나,,,,,,
2022,5,3,화,평일,7634,Post-코로나,,,,,,
2022,5,4,수,평일,9671,Post-코로나,,,,,,
2022,5,5,목,평일,46673,Post-코로나,,,,,,
2022,5,6,금,평일,25423,Post-코로나,,,,,,
2022,5,7,토,주말,23250,Post-코로나,,,,,,
2022,5,8,일,주말,15175,Post-코로나,,,,,,
2022,5,9,월,평일,6484,Post-코로나,,,,,,
2022,5,10,화,평일,6684,Post-코로나,,,,,,
2022,5,11,수,평일,8756,Post-코로나,,,,,,
2022,5,12,목,평일,7431,Post-코로나,,,,,,
2022,5,13,금,평일,8265,Post-코로나,,,,,,
2022,5,14,토,주말,16621,Post-코로나,,,,,,
2022,5,15,일,주말,12944,Post-코로나,,,,,,
2022,5,16,월,평일,6662,Post-코로나,,,,,,
2022,5,17,화,평일,6927,Post-코로나,,,,,,
2022,5,18,수,평일,8065,Post-코로나,,,,,,
2022,5,19,목,평일,7494,Post-코로나,,,,,,
2022,5,20,금,평일,7177,Post-코로나,,,,,,
2022,5,21,토,주말,999,Post-코로나,,,,,,
2022,5,22,일,주말,13401,Post-코로나,,,,,,
2022,5,23,월,평일,6703,Post-코로나,,,,,,
2022,5,24,화,평일,6944,Post-코로나,,,,,,
2022,5,25,수,평일,8552,Post-코로나,,,,,,
2022,5,26,목,평일,7620,Post-코로나,,,,,,
2022,5,27,금,평일,8965,Post-코로나,,,,,,
2022,5,28,토,주말,17699,Post-코로나,,,,,,
2022,5,29,일,주말,13121,Post-코로나,,,,,,
2022,5,30,월,평일,6858,Post-코로나,,,,,,
2022,5,31,화,평일,9189,Post-코로나,,,,,,
2022,6,1,수,평일,13523,Post-코로나,,,,,,
2022,6,2,목,평일,7983,Post-코로나,,,,,,
2022,6,3,금,평일,7800,Post-코로나,,,,,,
2022,6,4,토,주말,19178,Post-코로나,,,,,,
2022,6,5,일,주말,17254,Post-코로나,,,,,,
2022,6,6,월,평일,14715,Post-코로나,,,,,,
2022,6,7,화,평일,7276,Post-코로나,,,,,,
2022,6,8,수,평일,7520,Post-코로나,,,,,,
2022,6,9,목,평일,6409,Post-코로나,,,,,,
2022,6,10,금,평일,7400,Post-코로나,,,,,,
2022,6,11,토,주말,15039,Post-코로나,,,,,,
2022,6,12,일,주말,11409,Post-코로나,,,,,,
2022,6,13,월,평일,6330,Post-코로나,,,,,,
2022,6,14,화,평일,7078,Post-코로나,,,,,,
2022,6,15,수,평일,8974,Post-코로나,,,,,,
2022,6,16,목,평일,6947,Post-코로나,,,,,,
2022,6,17,금,평일,8271,Post-코로나,,,,,,
2022,6,18,토,주말,16625,Post-코로나,,,,,,
2022,6,19,일,주말,12850,Post-코로나,,,,,,
2022,6,20,월,평일,6600,Post-코로나,,,,,,
2022,6,21,화,평일,8948,Post-코로나,,,,,,
2022,6,22,수,평일,9267,Post-코로나,,,,,,
2022,6,23,목,평일,8323,Post-코로나,,,,,,
2022,6,24,금,평일,7957,Post-코로나,,,,,,
2022,6,25,토,주말,18295,Post-코로나,,,,,,
2022,6,26,일,주말,13657,Post-코로나,,,,,,
2022,6,27,월,평일,7611,Post-코로나,,,,,,
2022,6,28,화,평일,7711,Post-코로나,,,,,,
2022,6,29,수,평일,10366,Post-코로나,,,,,,
2022,6,30,목,평일,8730,Post-코로나,,,,,,
2022,7,1,금,평일,9319,Post-코로나,,,,,,
2022,7,2,토,주말,18651,Post-코로나,,,,,,
2022,7,3,일,주말,15160,Post-코로나,,,,,,
2022,7,4,월,평일,8355,Post-코로나,,,,,,
2022,7,5,화,평일,8489,Post-코로나,,,,,,
2022,7,6,수,평일,9650,Post-코로나,,,,,,
2022,7,7,목,평일,7706,Post-코로나,,,,,,
2022,7,8,금,평일,8965,Post-코로나,,,,,,
2022,7,9,토,주말,17743,Post-코로나,,,,,,
2022,7,10,일,주말,14419,Post-코로나,,,,,,
2022,7,11,월,평일,7602,Post-코로나,,,,,,
2022,7,12,화,평일,8522,Post-코로나,,,,,,
2022,7,13,수,평일,10388,Post-코로나,,,,,,
2022,7,14,목,평일,8862,Post-코로나,,,,,,
2022,7,15,금,평일,7974,Post-코로나,,,,,,
2022,7,16,토,주말,19299,Post-코로나,,,,,,
2022,7,17,일,주말,14856,Post-코로나,,,,,,
2022,7,18,월,평일,7800,Post-코로나,,,,,,
2022,7,19,화,평일,8861,Post-코로나,,,,,,
2022,7,20,수,평일,11316,Post-코로나,,,,,,
2022,7,21,목,평일,10313,Post-코로나,,,,,,
2022,7,22,금,평일,9544,Post-코로나,,,,,,
2022,7,23,토,주말,20648,Post-코로나,,,,,,
2022,7,24,일,주말,17130,Post-코로나,,,,,,
2022,7,25,월,평일,12327,Post-코로나,,,,,,
2022,7,26,화,평일,14299,Post-코로나,,,,,,
2022,7,27,수,평일,19222,Post-코로나,,,,,,
2022,7,28,목,평일,15776,Post-코로나,,,,,,
2022,7,29,금,평일,17870,Post-코로나,,,,,,
2022,7,30,토,주말,25154,Post-코로나,,,,,,
2022,7,31,일,주말,19470,Post-코로나,,,,,,
2022,8,1,월,평일,18804,Post-코로나,,,,,,
2022,8,2,화,평일,19875,Post-코로나,,,,,,
2022,8,3,수,평일,20418,Post-코로나,,,,,,
2022,8,4,목,평일,16809,Post-코로나,,,,,,
2022,8,5,금,평일,16434,Post-코로나,,,,,,
2022,8,6,토,주말,24510,Post-코로나,,,,,,
2022,8,7,일,주말,19181,Post-코로나,,,,,,
2022,8,8,월,평일,12366,Post-코로나,,,,,,
2022,8,9,화,평일,8812,Post-코로나,,,,,,
2022,8,10,수,평일,11219,Post-코로나,,,,,,
2022,8,11,목,평일,12736,Post-코로나,,,,,,
2022,8,12,금,평일,18626,Post-코로나,,,,,,
2022,8,13,토,주말,24922,Post-코로나,,,,,,
2022,8,14,일,주말,21681,Post-코로나,,,,,,
2022,8,15,월,평일,19194,Post-코로나,,,,,,
2022,8,16,화,평일,12921,Post-코로나,,,,,,
2022,8,17,수,평일,13639,Post-코로나,,,,,,
2022,8,18,목,평일,12263,Post-코로나,,,,,,
2022,8,19,금,평일,11400,Post-코로나,,,,,,
2022,8,20,토,주말,24733,Post-코로나,,,,,,
2022,8,21,일,주말,19033,Post-코로나,,,,,,
2022,8,22,월,평일,9552,Post-코로나,,,,,,
2022,8,23,화,평일,11036,Post-코로나,,,,,,
2022,8,24,수,평일,12348,Post-코로나,,,,,,
2022,8,25,목,평일,10016,Post-코로나,,,,,,
2022,8,26,금,평일,10695,Post-코로나,,,,,,
2022,8,27,토,주말,22917,Post-코로나,,,,,,
2022,8,28,일,주말,18288,Post-코로나,,,,,,
2022,8,29,월,평일,4203,Post-코로나,,,,,,
2022,8,30,화,평일,6742,Post-코로나,,,,,,
2022,8,31,수,평일,6233,Post-코로나,,,,,,
2022,9,1,목,평일,5220,Post-코로나,,,,,,
2022,9,2,금,평일,5020,Post-코로나,,,,,,
2022,9,3,토,주말,11321,Post-코로나,,,,,,
2022,9,4,일,주말,10139,Post-코로나,,,,,,
2022,9,5,월,평일,4825,Post-코로나,,,,,,
2022,9,6,화,평일,3617,Post-코로나,,,,,,
2022,9,7,수,평일,4154,Post-코로나,,,,,,
2022,9,8,목,평일,4885,Post-코로나,,,,,,
2022,9,9,금,평일,8654,Post-코로나,,,,,,
2022,9,10,토,주말,0,Post-코로나,,,,,,
2022,9,11,일,주말,11259,Post-코로나,,,,,,
2022,9,12,월,평일,9556,Post-코로나,,,,,,
2022,9,13,화,평일,5451,Post-코로나,,,,,,
2022,9,14,수,평일,5342,Post-코로나,,,,,,
2022,9,15,목,평일,5298,Post-코로나,,,,,,
2022,9,16,금,평일,5640,Post-코로나,,,,,,
2022,9,17,토,주말,12109,Post-코로나,,,,,,
2022,9,18,일,주말,11361,Post-코로나,,,,,,
2022,9,19,월,평일,5539,Post-코로나,,,,,,
2022,9,20,화,평일,6333,Post-코로나,,,,,,
2022,9,21,수,평일,6272,Post-코로나,,,,,,
2022,9,22,목,평일,5293,Post-코로나,,,,,,
2022,9,23,금,평일,7432,Post-코로나,,,,,,
2022,9,24,토,주말,12359,Post-코로나,,,,,,
2022,9,25,일,주말,10742,Post-코로나,,,,,,
2022,9,26,월,평일,5923,Post-코로나,,,,,,
2022,9,27,화,평일,6730,Post-코로나,,,,,,
2022,9,28,수,평일,8574,Post-코로나,,,,,,
2022,9,29,목,평일,7304,Post-코로나,,,,,,
2022,9,30,금,평일,6855,Post-코로나,,,,,,
2022,10,1,토,주말,13641,Post-코로나,,,,,,
2022,10,2,일,주말,14001,Post-코로나,,,,,,
2022,10,3,월,평일,13397,Post-코로나,,,,,,
2022,10,4,화,평일,7035,Post-코로나,,,,,,
2022,10,5,수,평일,9503,Post-코로나,,,,,,
2022,10,6,목,평일,6919,Post-코로나,,,,,,
2022,10,7,금,평일,6707,Post-코로나,,,,,,
2022,10,8,토,주말,13043,Post-코로나,,,,,,
2022,10,9,일,주말,16733,Post-코로나,,,,,,
2022,10,10,월,평일,13241,Post-코로나,,,,,,
2022,10,11,화,평일,7266,Post-코로나,,,,,,
2022,10,12,수,평일,9228,Post-코로나,,,,,,
2022,10,13,목,평일,7739,Post-코로나,,,,,,
2022,10,14,금,평일,6281,Post-코로나,,,,,,
2022,10,15,토,주말,11273,Post-코로나,,,,,,
2022,10,16,일,주말,8874,Post-코로나,,,,,,
2022,10,17,월,평일,6857,Post-코로나,,,,,,
2022,10,18,화,평일,6957,Post-코로나,,,,,,
2022,10,19,수,평일,8909,Post-코로나,,,,,,
2022,10,20,목,평일,8091,Post-코로나,,,,,,
2022,10,21,금,평일,6293,Post-코로나,,,,,,
2022,10,22,토,주말,10505,Post-코로나,,,,,,
2022,10,23,일,주말,8714,Post-코로나,,,,,,
2022,10,24,월,평일,5989,Post-코로나,,,,,,
2022,10,25,화,평일,9834,Post-코로나,,,,,,
2022,10,26,수,평일,13128,Post-코로나,,,,,,
2022,10,27,목,평일,10170,Post-코로나,,,,,,
2022,10,28,금,평일,8309,Post-코로나,,,,,,
2022,10,29,토,주말,10812,Post-코로나,,,,,,
2022,10,30,일,주말,11488,Post-코로나,,,,,,
2022,10,31,월,평일,6035,Post-코로나,,,,,,
2022,11,1,화,평일,6935,Post-코로나,,,,,,
2022,11,2,수,평일,10116,Post-코로나,,,,,,
2022,11,3,목,평일,10414,Post-코로나,,,,,,
2022,11,4,금,평일,10209,Post-코로나,,,,,,
2022,11,5,토,주말,17442,Post-코로나,,,,,,
2022,11,6,일,주말,13497,Post-코로나,,,,,,
2022,11,7,월,평일,1914,Post-코로나,,,,,,
2022,11,8,화,평일,9869,Post-코로나,,,,,,
2022,11,9,수,평일,11761,Post-코로나,,,,,,
2022,11,10,목,평일,9906,Post-코로나,,,,,,
2022,11,11,금,평일,10339,Post-코로나,,,,,,
2022,11,12,토,주말,16681,Post-코로나,,,,,,
2022,11,13,일,주말,13921,Post-코로나,,,,,,
2022,11,14,월,평일,8715,Post-코로나,,,,,,
2022,11,15,화,평일,9519,Post-코로나,,,,,,
2022,11,16,수,평일,9910,Post-코로나,,,,,,
2022,11,17,목,평일,12138,Post-코로나,,,,,,
2022,11,18,금,평일,11590,Post-코로나,,,,,,
2022,11,19,토,주말,18238,Post-코로나,,,,,,
2022,11,20,일,주말,13460,Post-코로나,,,,,,
2022,11,21,월,평일,8061,Post-코로나,,,,,,
2022,11,22,화,평일,10301,Post-코로나,,,,,,
2022,11,23,수,평일,11808,Post-코로나,,,,,,
2022,11,24,목,평일,11417,Post-코로나,,,,,,
2022,11,25,금,평일,10605,Post-코로나,,,,,,
2022,11,26,토,주말,19696,Post-코로나,,,,,,
2022,11,27,일,주말,15198,Post-코로나,,,,,,
2022,11,28,월,평일,7946,Post-코로나,,,,,,
2022,11,29,화,평일,8596,Post-코로나,,,,,,
2022,11,30,수,평일,10935,Post-코로나,,,,,,
2022,12,1,목,평일,6962,Post-코로나,,,,,,
2022,12,2,금,평일,8953,Post-코로나,,,,,,
2022,12,3,토,주말,16298,Post-코로나,,,,,,
2022,12,4,일,주말,14304,Post-코로나,,,,,,
2022,12,5,월,평일,5374,Post-코로나,,,,,,
2022,12,6,화,평일,8675,Post-코로나,,,,,,
2022,12,7,수,평일,10246,Post-코로나,,,,,,
2022,12,8,목,평일,9279,Post-코로나,,,,,,
2022,12,9,금,평일,10646,Post-코로나,,,,,,
2022,12,10,토,주말,18613,Post-코로나,,,,,,
2022,12,11,일,주말,15474,Post-코로나,,,,,,
2022,12,12,월,평일,9012,Post-코로나,,,,,,
2022,12,13,화,평일,9890,Post-코로나,,,,,,
2022,12,14,수,평일,10799,Post-코로나,,,,,,
2022,12,15,목,평일,8072,Post-코로나,,,,,,
2022,12,16,금,평일,10188,Post-코로나,,,,,,
2022,12,17,토,주말,18221,Post-코로나,,,,,,
2022,12,18,일,주말,14894,Post-코로나,,,,,,
2022,12,19,월,평일,9324,Post-코로나,,,,,,
2022,12,20,화,평일,8777,Post-코로나,,,,,,
2022,12,21,수,평일,9691,Post-코로나,,,,,,
2022,12,22,목,평일,9727,Post-코로나,,,,,,
2022,12,23,금,평일,11434,Post-코로나,,,,,,
2022,12,24,토,주말,15314,Post-코로나,,,,,,
2022,12,25,일,주말,12521,Post-코로나,,,,,,
2022,12,26,월,평일,10264,Post-코로나,,,,,,
2022,12,27,화,평일,12217,Post-코로나,,,,,,
2022,12,28,수,평일,16122,Post-코로나,,,,,,
2022,12,29,목,평일,13780,Post-코로나,,,,,,
2022,12,30,금,평일,14480,Post-코로나,,,,,,
2022,12,31,토,주말,22461,Post-코로나,,,,,,
2023,1,1,일,주말,0,Post-코로나,,,,,,
2023,1,2,월,평일,9860,Post-코로나,,,,,,
2023,1,3,화,평일,9385,Post-코로나,,,,,,
2023,1,4,수,평일,11201,Post-코로나,,,,,,
2023,1,5,목,평일,9288,Post-코로나,,,,,,
2023,1,6,금,평일,11086,Post-코로나,,,,,,
2023,1,7,토,주말,20848,Post-코로나,,,,,,
2023,1,8,일,주말,18979,Post-코로나,,,,,,
2023,1,9,월,평일,11202,Post-코로나,,,,,,
2023,1,10,화,평일,12500,Post-코로나,,,,,,
2023,1,11,수,평일,14692,Post-코로나,,,,,,
2023,1,12,목,평일,12207,Post-코로나,,,,,,
2023,1,13,금,평일,13091,Post-코로나,,,,,,
2023,1,14,토,주말,23225,Post-코로나,,,,,,
2023,1,15,일,주말,18319,Post-코로나,,,,,,
2023,1,16,월,평일,11194,Post-코로나,,,,,,
2023,1,17,화,평일,12561,Post-코로나,,,,,,
2023,1,18,수,평일,13662,Post-코로나,,,,,,
2023,1,19,목,평일,10623,Post-코로나,,,,,,
2023,1,20,금,평일,10502,Post-코로나,,,,,,
2023,1,21,토,주말,17481,Post-코로나,,,,,,
2023,1,22,일,주말,0,Post-코로나,,,,,,
2023,1,23,월,평일,21289,Post-코로나,,,,,,
2023,1,24,화,평일,15562,Post-코로나,,,,,,
2023,1,25,수,평일,14352,Post-코로나,,,,,,
2023,1,26,목,평일,9404,Post-코로나,,,,,,
2023,1,27,금,평일,12189,Post-코로나,,,,,,
2023,1,28,토,주말,22889,Post-코로나,,,,,,
2023,1,29,일,주말,18903,Post-코로나,,,,,,
2023,1,30,월,평일,10758,Post-코로나,,,,,,
2023,1,31,화,평일,14029,Post-코로나,,,,,,
2023,2,1,수,평일,12344,Post-코로나,,,,,,
2023,2,2,목,평일,11449,Post-코로나,,,,,,
2023,2,3,금,평일,12037,Post-코로나,,,,,,
2023,2,4,토,주말,23290,Post-코로나,,,,,,
2023,2,5,일,주말,18791,Post-코로나,,,,,,
2023,2,6,월,평일,10002,Post-코로나,,,,,,
2023,2,7,화,평일,11543,Post-코로나,,,,,,
2023,2,8,수,평일,13625,Post-코로나,,,,,,
2023,2,9,목,평일,11890,Post-코로나,,,,,,
2023,2,10,금,평일,12240,Post-코로나,,,,,,
2023,2,11,토,주말,22404,Post-코로나,,,,,,
2023,2,12,일,주말,19764,Post-코로나,,,,,,
2023,2,13,월,평일,11156,Post-코로나,,,,,,
2023,2,14,화,평일,11946,Post-코로나,,,,,,
2023,2,15,수,평일,13944,Post-코로나,,,,,,
2023,2,16,목,평일,12145,Post-코로나,,,,,,
2023,2,17,금,평일,12276,Post-코로나,,,,,,
2023,2,18,토,주말,22737,Post-코로나,,,,,,
2023,2,19,일,주말,18754,Post-코로나,,,,,,
2023,2,20,월,평일,11877,Post-코로나,,,,,,
2023,2,21,화,평일,12483,Post-코로나,,,,,,
2023,2,22,수,평일,16550,Post-코로나,,,,,,
2023,2,23,목,평일,12657,Post-코로나,,,,,,
2023,2,24,금,평일,13377,Post-코로나,,,,,,
2023,2,25,토,주말,22194,Post-코로나,,,,,,
2023,2,26,일,주말,19673,Post-코로나,,,,,,
2023,2,27,월,평일,13609,Post-코로나,,,,,,
2023,2,28,화,평일,14575,Post-코로나,,,,,,
2023,3,1,수,평일,19200,Post-코로나,,,,,,
2023,3,2,목,평일,7362,Post-코로나,,,,,,
2023,3,3,금,평일,7423,Post-코로나,,,,,,
2023,3,4,토,주말,16142,Post-코로나,,,,,,
2023,3,5,일,주말,13413,Post-코로나,,,,,,
2023,3,6,월,평일,6704,Post-코로나,,,,,,
2023,3,7,화,평일,7179,Post-코로나,,,,,,
2023,3,8,수,평일,8691,Post-코로나,,,,,,
2023,3,9,목,평일,7718,Post-코로나,,,,,,
2023,3,10,금,평일,7545,Post-코로나,,,,,,
2023,3,11,토,주말,17762,Post-코로나,,,,,,
2023,3,12,일,주말,16065,Post-코로나,,,,,,
2023,3,13,월,평일,7453,Post-코로나,,,,,,
2023,3,14,화,평일,8708,Post-코로나,,,,,,
2023,3,15,수,평일,9713,Post-코로나,,,,,,
2023,3,16,목,평일,4033,Post-코로나,,,,,,
2023,3,17,금,평일,4221,Post-코로나,,,,,,
2023,3,18,토,주말,12817,Post-코로나,,,,,,
2023,3,19,일,주말,10883,Post-코로나,,,,,,
2023,3,20,월,평일,3349,Post-코로나,,,,,,
2023,3,21,화,평일,3718,Post-코로나,,,,,,
2023,3,22,수,평일,3706,Post-코로나,,,,,,
2023,3,23,목,평일,3501,Post-코로나,,,,,,
2023,3,24,금,평일,3349,Post-코로나,,,,,,
2023,3,25,토,주말,10233,Post-코로나,,,,,,
2023,3,26,일,주말,9316,Post-코로나,,,,,,
2023,3,27,월,평일,3819,Post-코로나,,,,,,
2023,3,28,화,평일,3584,Post-코로나,,,,,,
2023,3,29,수,평일,3749,Post-코로나,,,,,,
2023,3,30,목,평일,4014,Post-코로나,,,,,,
2023,3,31,금,평일,4982,Post-코로나,,,,,,
2023,4,1,토,주말,9989,Post-코로나,,,,,,
2023,4,2,일,주말,8169,Post-코로나,,,,,,
2023,4,3,월,평일,0,Post-코로나,,,,,,
2023,4,4,화,평일,3888,Post-코로나,,,,,,
2023,4,5,수,평일,8218,Post-코로나,,,,,,
2023,4,6,목,평일,5144,Post-코로나,,,,,,
2023,4,7,금,평일,5249,Post-코로나,,,,,,
2023,4,8,토,주말,10741,Post-코로나,,,,,,
2023,4,9,일,주말,8755,Post-코로나,,,,,,
2023,4,10,월,평일,4104,Post-코로나,,,,,,
2023,4,11,화,평일,6804,Post-코로나,,,,,,
2023,4,12,수,평일,6391,Post-코로나,,,,,,
2023,4,13,목,평일,4497,Post-코로나,,,,,,
2023,4,14,금,평일,5187,Post-코로나,,,,,,
2023,4,15,토,주말,12872,Post-코로나,,,,,,
2023,4,16,일,주말,9582,Post-코로나,,,,,,
2023,4,17,월,평일,4475,Post-코로나,,,,,,
2023,4,18,화,평일,5648,Post-코로나,,,,,,
2023,4,19,수,평일,6242,Post-코로나,,,,,,
2023,4,20,목,평일,6869,Post-코로나,,,,,,
2023,4,21,금,평일,5846,Post-코로나,,,,,,
2023,4,22,토,주말,10665,Post-코로나,,,,,,
2023,4,23,일,주말,7450,Post-코로나,,,,,,
2023,4,24,월,평일,5091,Post-코로나,,,,,,
2023,4,25,화,평일,6364,Post-코로나,,,,,,
2023,4,26,수,평일,8190,Post-코로나,,,,,,
2023,4,27,목,평일,6139,Post-코로나,,,,,,
2023,4,28,금,평일,4614,Post-코로나,,,,,,
2023,4,29,토,주말,12942,Post-코로나,,,,,,
2023,4,30,일,주말,11849,Post-코로나,,,,,,
2023,5,1,월,평일,10648,Post-코로나,,,,,,
2023,5,2,화,평일,6639,Post-코로나,,,,,,
2023,5,3,수,평일,6534,Post-코로나,,,,,,
2023,5,4,목,평일,7432,Post-코로나,,,,,,
2023,5,5,금,평일,17211,Post-코로나,,,,,,
2023,5,6,토,주말,14200,Post-코로나,,,,,,
2023,5,7,일,주말,7218,Post-코로나,,,,,,
2023,5,8,월,평일,4914,Post-코로나,,,,,,
2023,5,9,화,평일,5538,Post-코로나,,,,,,
2023,5,10,수,평일,6571,Post-코로나,,,,,,
2023,5,11,목,평일,6877,Post-코로나,,,,,,
2023,5,12,금,평일,7276,Post-코로나,,,,,,
2023,5,13,토,주말,12055,Post-코로나,,,,,,
2023,5,14,일,주말,9846,Post-코로나,,,,,,
2023,5,15,월,평일,6015,Post-코로나,,,,,,
2023,5,16,화,평일,6864,Post-코로나,,,,,,
2023,5,17,수,평일,8740,Post-코로나,,,,,,
2023,5,18,목,평일,6161,Post-코로나,,,,,,
2023,5,19,금,평일,6903,Post-코로나,,,,,,
2023,5,20,토,주말,11158,Post-코로나,,,,,,
2023,5,21,일,주말,9122,Post-코로나,,,,,,
2023,5,22,월,평일,4833,Post-코로나,,,,,,
2023,5,23,화,평일,7008,Post-코로나,,,,,,
2023,5,24,수,평일,7056,Post-코로나,,,,,,
2023,5,25,목,평일,8260,Post-코로나,,,,,,
2023,5,26,금,평일,7025,Post-코로나,,,,,,
2023,5,27,토,주말,16493,Post-코로나,,,,,,
2023,5,28,일,주말,17074,Post-코로나,,,,,,
2023,5,29,월,평일,10656,Post-코로나,,,,,,
2023,5,30,화,평일,6445,Post-코로나,,,,,,
2023,5,31,수,평일,43835,Post-코로나,,,,,,
2023,6,1,목,평일,5913,Post-코로나,,,,,,
2023,6,2,금,평일,7905,Post-코로나,,,,,,
2023,6,3,토,주말,15475,Post-코로나,,,,,,
2023,6,4,일,주말,14763,Post-코로나,,,,,,
2023,6,5,월,평일,13241,Post-코로나,,,,,,
2023,6,6,화,평일,14095,Post-코로나,,,,,,
2023,6,7,수,평일,11277,Post-코로나,,,,,,
2023,6,8,목,평일,8106,Post-코로나,,,,,,
2023,6,9,금,평일,8700,Post-코로나,,,,,,
2023,6,10,토,주말,14172,Post-코로나,,,,,,
2023,6,11,일,주말,11622,Post-코로나,,,,,,
2023,6,12,월,평일,7295,Post-코로나,,,,,,
2023,6,13,화,평일,8814,Post-코로나,,,,,,
2023,6,14,수,평일,12759,Post-코로나,,,,,,
2023,6,15,목,평일,10277,Post-코로나,,,,,,
2023,6,16,금,평일,8459,Post-코로나,,,,,,
2023,6,17,토,주말,16247,Post-코로나,,,,,,
2023,6,18,일,주말,12917,Post-코로나,,,,,,
2023,6,19,월,평일,8811,Post-코로나,,,,,,
2023,6,20,화,평일,8940,Post-코로나,,,,,,
2023,6,21,수,평일,11994,Post-코로나,,,,,,
2023,6,22,목,평일,8886,Post-코로나,,,,,,
2023,6,23,금,평일,9182,Post-코로나,,,,,,
2023,6,24,토,주말,18547,Post-코로나,,,,,,
2023,6,25,일,주말,14261,Post-코로나,,,,,,
2023,6,26,월,평일,8488,Post-코로나,,,,,,
2023,6,27,화,평일,9159,Post-코로나,,,,,,
2023,6,28,수,평일,13078,Post-코로나,,,,,,
2023,6,29,목,평일,9728,Post-코로나,,,,,,
2023,6,30,금,평일,11257,Post-코로나,,,,,,
2023,7,1,토,주말,20244,Post-코로나,,,,,,
2023,7,2,일,주말,15619,Post-코로나,,,,,,
2023,7,3,월,평일,9614,Post-코로나,,,,,,
2023,7,4,화,평일,10937,Post-코로나,,,,,,
2023,7,5,수,평일,11681,Post-코로나,,,,,,
2023,7,6,목,평일,10631,Post-코로나,,,,,,
2023,7,7,금,평일,9861,Post-코로나,,,,,,
2023,7,8,토,주말,21468,Post-코로나,,,,,,
2023,7,9,일,주말,16044,Post-코로나,,,,,,
2023,7,10,월,평일,8824,Post-코로나,,,,,,
2023,7,11,화,평일,10428,Post-코로나,,,,,,
2023,7,12,수,평일,11976,Post-코로나,,,,,,
2023,7,13,목,평일,9245,Post-코로나,,,,,,
2023,7,14,금,평일,10373,Post-코로나,,,,,,
2023,7,15,토,주말,21339,Post-코로나,,,,,,
2023,7,16,일,주말,16634,Post-코로나,,,,,,
2023,7,17,월,평일,9423,Post-코로나,,,,,,
2023,7,18,화,평일,10470,Post-코로나,,,,,,
2023,7,19,수,평일,13302,Post-코로나,,,,,,
2023,7,20,목,평일,11156,Post-코로나,,,,,,
2023,7,21,금,평일,11637,Post-코로나,,,,,,
2023,7,22,토,주말,23938,Post-코로나,,,,,,
2023,7,23,일,주말,19630,Post-코로나,,,,,,
2023,7,24,월,평일,13298,Post-코로나,,,,,,
2023,7,25,화,평일,15308,Post-코로나,,,,,,
2023,7,26,수,평일,21336,Post-코로나,,,,,,
2023,7,27,목,평일,18414,Post-코로나,,,,,,
2023,7,28,금,평일,18828,Post-코로나,,,,,,
2023,7,29,토,주말,28072,Post-코로나,,,,,,
2023,7,30,일,주말,24127,Post-코로나,,,,,,
2023,7,31,월,평일,23550,Post-코로나,,,,,,
2023,8,1,화,평일,24107,Post-코로나,,,,,,
2023,8,2,수,평일,30527,Post-코로나,,,,,,
2023,8,3,목,평일,20650,Post-코로나,,,,,,
2023,8,4,금,평일,20227,Post-코로나,,,,,,
2023,8,5,토,주말,27749,Post-코로나,,,,,,
2023,8,6,일,주말,21787,Post-코로나,,,,,,
2023,8,7,월,평일,16159,Post-코로나,,,,,,
2023,8,8,화,평일,16060,Post-코로나,,,,,,
2023,8,9,수,평일,17775,Post-코로나,,,,,,
2023,8,10,목,평일,11667,Post-코로나,,,,,,
2023,8,11,금,평일,15990,Post-코로나,,,,,,
2023,8,12,토,주말,26345,Post-코로나,,,,,,
2023,8,13,일,주말,24102,Post-코로나,,,,,,
2023,8,14,월,평일,20356,Post-코로나,,,,,,
2023,8,15,화,평일,24522,Post-코로나,,,,,,
2023,8,16,수,평일,15817,Post-코로나,,,,,,
2023,8,17,목,평일,13715,Post-코로나,,,,,,
2023,8,18,금,평일,14052,Post-코로나,,,,,,
2023,8,19,토,주말,24454,Post-코로나,,,,,,
2023,8,20,일,주말,19769,Post-코로나,,,,,,
2023,8,21,월,평일,10225,Post-코로나,,,,,,
2023,8,22,화,평일,9725,Post-코로나,,,,,,
2023,8,23,수,평일,10213,Post-코로나,,,,,,
2023,8,24,목,평일,8210,Post-코로나,,,,,,
2023,8,25,금,평일,9784,Post-코로나,,,,,,
2023,8,26,토,주말,23293,Post-코로나,,,,,,
2023,8,27,일,주말,17795,Post-코로나,,,,,,
2023,8,28,월,평일,8399,Post-코로나,,,,,,
2023,8,29,화,평일,8838,Post-코로나,,,,,,
2023,8,30,수,평일,12472,Post-코로나,,,,,,
2023,8,31,목,평일,9073,Post-코로나,,,,,,
2023,9,1,금,평일,8306,Post-코로나,,,,,,
2023,9,2,토,주말,21513,Post-코로나,,,,,,
2023,9,3,일,주말,17455,Post-코로나,,,,,,
2023,9,4,월,평일,12808,Post-코로나,,,,,,
2023,9,5,화,평일,8582,Post-코로나,,,,,,
2023,9,6,수,평일,11468,Post-코로나,,,,,,
2023,9,7,목,평일,8675,Post-코로나,,,,,,
2023,9,8,금,평일,10517,Post-코로나,,,,,,
2023,9,9,토,주말,21014,Post-코로나,,,,,,
2023,9,10,일,주말,17324,Post-코로나,,,,,,
2023,9,11,월,평일,9433,Post-코로나,,,,,,
2023,9,12,화,평일,9457,Post-코로나,,,,,,
2023,9,13,수,평일,13992,Post-코로나,,,,,,
2023,9,14,목,평일,10341,Post-코로나,,,,,,
2023,9,15,금,평일,11366,Post-코로나,,,,,,
2023,9,16,토,주말,20823,Post-코로나,,,,,,
2023,9,17,일,주말,16657,Post-코로나,,,,,,
2023,9,18,월,평일,8937,Post-코로나,,,,,,
2023,9,19,화,평일,9258,Post-코로나,,,,,,
2023,9,20,수,평일,13397,Post-코로나,,,,,,
2023,9,21,목,평일,11076,Post-코로나,,,,,,
2023,9,22,금,평일,11046,Post-코로나,,,,,,
2023,9,23,토,주말,18404,Post-코로나,,,,,,
2023,9,24,일,주말,14243,Post-코로나,,,,,,
2023,9,25,월,평일,8791,Post-코로나,,,,,,
2023,9,26,화,평일,9753,Post-코로나,,,,,,
2023,9,27,수,평일,10318,Post-코로나,,,,,,
2023,9,28,목,평일,17206,Post-코로나,,,,,,
2023,9,29,금,평일,0,Post-코로나,,,,,,
2023,9,30,토,주말,35352,Post-코로나,,,,,,
2023,10,1,일,주말,24973,Post-코로나,,,,,,
2023,10,2,월,평일,27879,Post-코로나,,,,,,
2023,10,3,화,평일,19812,Post-코로나,,,,,,
2023,10,4,수,평일,15247,Post-코로나,,,,,,
2023,10,5,목,평일,12703,Post-코로나,,,,,,
2023,10,6,금,평일,10921,Post-코로나,,,,,,
2023,10,7,토,주말,19096,Post-코로나,,,,,,
2023,10,8,일,주말,18751,Post-코로나,,,,,,
2023,10,9,월,평일,22944,Post-코로나,,,,,,
2023,10,10,화,평일,6449,Post-코로나,,,,,,
2023,10,11,수,평일,7332,Post-코로나,,,,,,
2023,10,12,목,평일,6653,Post-코로나,,,,,,
2023,10,13,금,평일,7053,Post-코로나,,,,,,
2023,10,14,토,주말,12860,Post-코로나,,,,,,
2023,10,15,일,주말,9900,Post-코로나,,,,,,
2023,10,16,월,평일,6784,Post-코로나,,,,,,
2023,10,17,화,평일,7202,Post-코로나,,,,,,
2023,10,18,수,평일,7901,Post-코로나,,,,,,
2023,10,19,목,평일,8163,Post-코로나,,,,,,
2023,10,20,금,평일,6862,Post-코로나,,,,,,
2023,10,21,토,주말,10970,Post-코로나,,,,,,
2023,10,22,일,주말,9036,Post-코로나,,,,,,
2023,10,23,월,평일,6461,Post-코로나,,,,,,
2023,10,24,화,평일,7344,Post-코로나,,,,,,
2023,10,25,수,평일,7255,Post-코로나,,,,,,
2023,10,26,목,평일,6655,Post-코로나,,,,,,
2023,10,27,금,평일,6771,Post-코로나,,,,,,
2023,10,28,토,주말,10207,Post-코로나,,,,,,
2023,10,29,일,주말,8642,Post-코로나,,,,,,
2023,10,30,월,평일,4878,Post-코로나,,,,,,
2023,10,31,화,평일,10148,Post-코로나,,,,,,
2023,11,1,수,평일,7159,Post-코로나,,,,,,
2023,11,2,목,평일,5995,Post-코로나,,,,,,
2023,11,3,금,평일,6813,Post-코로나,,,,,,
2023,11,4,토,주말,10675,Post-코로나,,,,,,
2023,11,5,일,주말,10464,Post-코로나,,,,,,
2023,11,6,월,평일,444,Post-코로나,,,,,,
2023,11,7,화,평일,6229,Post-코로나,,,,,,
2023,11,8,수,평일,6969,Post-코로나,,,,,,
2023,11,9,목,평일,7142,Post-코로나,,,,,,
2023,11,10,금,평일,5187,Post-코로나,,,,,,
2023,11,11,토,주말,12888,Post-코로나,,,,,,
2023,11,12,일,주말,11425,Post-코로나,,,,,,
2023,11,13,월,평일,6038,Post-코로나,,,,,,
2023,11,14,화,평일,7410,Post-코로나,,,,,,
2023,11,15,수,평일,6096,Post-코로나,,,,,,
2023,11,16,목,평일,8705,Post-코로나,,,,,,
2023,11,17,금,평일,6777,Post-코로나,,,,,,
2023,11,18,토,주말,9700,Post-코로나,,,,,,
2023,11,19,일,주말,10214,Post-코로나,,,,,,
2023,11,20,월,평일,4561,Post-코로나,,,,,,
2023,11,21,화,평일,6671,Post-코로나,,,,,,
2023,11,22,수,평일,6328,Post-코로나,,,,,,
2023,11,23,목,평일,6125,Post-코로나,,,,,,
2023,11,24,금,평일,6347,Post-코로나,,,,,,
2023,11,25,토,주말,11780,Post-코로나,,,,,,
2023,11,26,일,주말,11124,Post-코로나,,,,,,
2023,11,27,월,평일,4790,Post-코로나,,,,,,
2023,11,28,화,평일,5221,Post-코로나,,,,,,
2023,11,29,수,평일,5525,Post-코로나,,,,,,
2023,11,30,목,평일,7117,Post-코로나,,,,,,
2023,12,1,금,평일,7093,Post-코로나,,,,,,
2023,12,2,토,주말,11568,Post-코로나,,,,,,
2023,12,3,일,주말,10067,Post-코로나,,,,,,
2023,12,4,월,평일,4199,Post-코로나,,,,,,
2023,12,5,화,평일,5589,Post-코로나,,,,,,
2023,12,6,수,평일,6033,Post-코로나,,,,,,
2023,12,7,목,평일,5071,Post-코로나,,,,,,
2023,12,8,금,평일,6818,Post-코로나,,,,,,
2023,12,9,토,주말,13286,Post-코로나,,,,,,
2023,12,10,일,주말,12052,Post-코로나,,,,,,
2023,12,11,월,평일,5962,Post-코로나,,,,,,
2023,12,12,화,평일,6295,Post-코로나,,,,,,
2023,12,13,수,평일,7211,Post-코로나,,,,,,
2023,12,14,목,평일,6523,Post-코로나,,,,,,
2023,12,15,금,평일,6770,Post-코로나,,,,,,
2023,12,16,토,주말,14276,Post-코로나,,,,,,
2023,12,17,일,주말,13374,Post-코로나,,,,,,
2023,12,18,월,평일,5218,Post-코로나,,,,,,
2023,12,19,화,평일,6033,Post-코로나,,,,,,
2023,12,20,수,평일,6801,Post-코로나,,,,,,
2023,12,21,목,평일,5336,Post-코로나,,,,,,
2023,12,22,금,평일,6648,Post-코로나,,,,,,
2023,12,23,토,주말,13484,Post-코로나,,,,,,
2023,12,24,일,주말,13413,Post-코로나,,,,,,
2023,12,25,월,평일,9491,Post-코로나,,,,,,
2023,12,26,화,평일,7344,Post-코로나,,,,,,
2023,12,27,수,평일,8965,Post-코로나,,,,,,
2023,12,28,목,평일,8127,Post-코로나,,,,,,
2023,12,29,금,평일,8236,Post-코로나,,,,,,
2023,12,30,토,주말,12715,Post-코로나,,,,,,
2023,12,31,일,주말,13826,Post-코로나,,,,,,
2024,1,1,월,평일,0,Post-코로나,,,,,,
2024,1,2,화,평일,8106,Post-코로나,,,,,,
2024,1,3,수,평일,8361,Post-코로나,,,,,,
2024,1,4,목,평일,7147,Post-코로나,,,,,,
2024,1,5,금,평일,7850,Post-코로나,,,,,,
2024,1,6,토,주말,15890,Post-코로나,,,,,,
2024,1,7,일,주말,12911,Post-코로나,,,,,,
2024,1,8,월,평일,8128,Post-코로나,,,,,,
2024,1,9,화,평일,7583,Post-코로나,,,,,,
2024,1,10,수,평일,8487,Post-코로나,,,,,,
2024,1,11,목,평일,9028,Post-코로나,,,,,,
2024,1,12,금,평일,9935,Post-코로나,,,,,,
2024,1,13,토,주말,19231,Post-코로나,,,,,,
2024,1,14,일,주말,17049,Post-코로나,,,,,,
2024,1,15,월,평일,7091,Post-코로나,,,,,,
2024,1,16,화,평일,8589,Post-코로나,,,,,,
2024,1,17,수,평일,8757,Post-코로나,,,,,,
2024,1,18,목,평일,9225,Post-코로나,,,,,,
2024,1,19,금,평일,9885,Post-코로나,,,,,,
2024,1,20,토,주말,20690,Post-코로나,,,,,,
2024,1,21,일,주말,17624,Post-코로나,,,,,,
2024,1,22,월,평일,7790,Post-코로나,,,,,,
2024,1,23,화,평일,7946,Post-코로나,,,,,,
2024,1,24,수,평일,7899,Post-코로나,,,,,,
2024,1,25,목,평일,7965,Post-코로나,,,,,,
2024,1,26,금,평일,8638,Post-코로나,,,,,,
2024,1,27,토,주말,19449,Post-코로나,,,,,,
2024,1,28,일,주말,17997,Post-코로나,,,,,,
2024,1,29,월,평일,7152,Post-코로나,,,,,,
2024,1,30,화,평일,8495,Post-코로나,,,,,,
2024,1,31,수,평일,10229,Post-코로나,,,,,,
2024,2,1,목,평일,7165,Post-코로나,,,,,,
2024,2,2,금,평일,8201,Post-코로나,,,,,,
2024,2,3,토,주말,16015,Post-코로나,,,,,,
2024,2,4,일,주말,15575,Post-코로나,,,,,,
2024,2,5,월,평일,6066,Post-코로나,,,,,,
2024,2,6,화,평일,6714,Post-코로나,,,,,,
2024,2,7,수,평일,6451,Post-코로나,,,,,,
2024,2,8,목,평일,5942,Post-코로나,,,,,,
2024,2,9,금,평일,13826,Post-코로나,,,,,,
2024,2,10,토,주말,0,Post-코로나,,,,,,
2024,2,11,일,주말,18367,Post-코로나,,,,,,
2024,2,12,월,평일,15312,Post-코로나,,,,,,
2024,2,13,화,평일,8436,Post-코로나,,,,,,
2024,2,14,수,평일,7374,Post-코로나,,,,,,
2024,2,15,목,평일,8064,Post-코로나,,,,,,
2024,2,16,금,평일,9289,Post-코로나,,,,,,
2024,2,17,토,주말,19540,Post-코로나,,,,,,
2024,2,18,일,주말,17020,Post-코로나,,,,,,
2024,2,19,월,평일,7380,Post-코로나,,,,,,
2024,2,20,화,평일,7990,Post-코로나,,,,,,
2024,2,21,수,평일,9366,Post-코로나,,,,,,
2024,2,22,목,평일,7972,Post-코로나,,,,,,
2024,2,23,금,평일,9393,Post-코로나,,,,,,
2024,2,24,토,주말,18474,Post-코로나,,,,,,
2024,2,25,일,주말,16686,Post-코로나,,,,,,
2024,2,26,월,평일,8721,Post-코로나,,,,,,
2024,2,27,화,평일,9314,Post-코로나,,,,,,
2024,2,28,수,평일,10956,Post-코로나,,,,,,
2024,2,29,목,평일,9916,Post-코로나,,,,,,
2024,3,1,금,평일,20342,Post-코로나,,,,,,
2024,3,2,토,주말,17948,Post-코로나,,,,,,
2024,3,3,일,주말,10536,Post-코로나,,,,,,
2024,3,4,월,평일,3453,Post-코로나,,,,,,
2024,3,5,화,평일,3540,Post-코로나,,,,,,
2024,3,6,수,평일,3651,Post-코로나,,,,,,
2024,3,7,목,평일,3710,Post-코로나,,,,,,
2024,3,8,금,평일,3893,Post-코로나,,,,,,
2024,3,9,토,주말,12798,Post-코로나,,,,,,
2024,3,10,일,주말,10895,Post-코로나,,,,,,
2024,3,11,월,평일,3276,Post-코로나,,,,,,
2024,3,12,화,평일,4075,Post-코로나,,,,,,
2024,3,13,수,평일,3513,Post-코로나,,,,,,
2024,3,14,목,평일,3698,Post-코로나,,,,,,
2024,3,15,금,평일,3918,Post-코로나,,,,,,
2024,3,16,토,주말,11500,Post-코로나,,,,,,
2024,3,17,일,주말,10483,Post-코로나,,,,,,
2024,3,18,월,평일,3396,Post-코로나,,,,,,
2024,3,19,화,평일,4543,Post-코로나,,,,,,
2024,3,20,수,평일,4165,Post-코로나,,,,,,
2024,3,21,목,평일,4030,Post-코로나,,,,,,
2024,3,22,금,평일,4593,Post-코로나,,,,,,
2024,3,23,토,주말,12225,Post-코로나,,,,,,
2024,3,24,일,주말,9655,Post-코로나,,,,,,
2024,3,25,월,평일,5422,Post-코로나,,,,,,
2024,3,26,화,평일,5784,Post-코로나,,,,,,
2024,3,27,수,평일,4376,Post-코로나,,,,,,
2024,3,28,목,평일,5729,Post-코로나,,,,,,
2024,3,29,금,평일,5548,Post-코로나,,,,,,
2024,3,30,토,주말,12109,Post-코로나,,,,,,
2024,3,31,일,주말,9461,Post-코로나,,,,,,
2024,4,1,월,평일,472,Post-코로나,,,,,,
2024,4,2,화,평일,5571,Post-코로나,,,,,,
2024,4,3,수,평일,5973,Post-코로나,,,,,,
2024,4,4,목,평일,4072,Post-코로나,,,,,,
2024,4,5,금,평일,5231,Post-코로나,,,,,,
2024,4,6,토,주말,12602,Post-코로나,,,,,,
2024,4,7,일,주말,9462,Post-코로나,,,,,,
2024,4,8,월,평일,4612,Post-코로나,,,,,,
2024,4,9,화,평일,5547,Post-코로나,,,,,,
2024,4,10,수,평일,11622,Post-코로나,,,,,,
2024,4,11,목,평일,4940,Post-코로나,,,,,,
2024,4,12,금,평일,5417,Post-코로나,,,,,,
2024,4,13,토,주말,13459,Post-코로나,,,,,,
2024,4,14,일,주말,11497,Post-코로나,,,,,,
2024,4,15,월,평일,7601,Post-코로나,,,,,,
2024,4,16,화,평일,5115,Post-코로나,,,,,,
2024,4,17,수,평일,5889,Post-코로나,,,,,,
2024,4,18,목,평일,5146,Post-코로나,,,,,,
2024,4,19,금,평일,6062,Post-코로나,,,,,,
2024,4,20,토,주말,15071,Post-코로나,,,,,,
2024,4,21,일,주말,10446,Post-코로나,,,,,,
2024,4,22,월,평일,6411,Post-코로나,,,,,,
2024,4,23,화,평일,5892,Post-코로나,,,,,,
2024,4,24,수,평일,8710,Post-코로나,,,,,,
2024,4,25,목,평일,6133,Post-코로나,,,,,,
2024,4,26,금,평일,6728,Post-코로나,,,,,,
2024,4,27,토,주말,13208,Post-코로나,,,,,,
2024,4,28,일,주말,11144,Post-코로나,,,,,,
2024,4,29,월,평일,5853,Post-코로나,,,,,,
2024,4,30,화,평일,6703,Post-코로나,,,,,,
2024,5,1,수,평일,12273,Post-코로나,,,,,,
2024,5,2,목,평일,6397,Post-코로나,,,,,,
2024,5,3,금,평일,7014,Post-코로나,,,,,,
2024,5,4,토,주말,14153,Post-코로나,,,,,,
2024,5,5,일,주말,18433,Post-코로나,,,,,,
2024,5,6,월,평일,14469,Post-코로나,,,,,,
2024,5,7,화,평일,6064,Post-코로나,,,,,,
2024,5,8,수,평일,6029,Post-코로나,,,,,,
2024,5,9,목,평일,6321,Post-코로나,,,,,,
2024,5,10,금,평일,6991,Post-코로나,,,,,,
2024,5,11,토,주말,14360,Post-코로나,,,,,,
2024,5,12,일,주말,10888,Post-코로나,,,,,,
2024,5,13,월,평일,4557,Post-코로나,,,,,,
2024,5,14,화,평일,6796,Post-코로나,,,,,,
2024,5,15,수,평일,14661,Post-코로나,,,,,,
2024,5,16,목,평일,5473,Post-코로나,,,,,,
2024,5,17,금,평일,6725,Post-코로나,,,,,,
2024,5,18,토,주말,13824,Post-코로나,,,,,,
2024,5,19,일,주말,10710,Post-코로나,,,,,,
2024,5,20,월,평일,5815,Post-코로나,,,,,,
2024,5,21,화,평일,8241,Post-코로나,,,,,,
2024,5,22,수,평일,8876,Post-코로나,,,,,,
2024,5,23,목,평일,6401,Post-코로나,,,,,,
2024,5,24,금,평일,7409,Post-코로나,,,,,,
2024,5,25,토,주말,15782,Post-코로나,,,,,,
2024,5,26,일,주말,12777,Post-코로나,,,,,,
2024,5,27,월,평일,6335,Post-코로나,,,,,,
2024,5,28,화,평일,6992,Post-코로나,,,,,,
2024,5,29,수,평일,8523,Post-코로나,,,,,,
2024,5,30,목,평일,6164,Post-코로나,,,,,,
2024,5,31,금,평일,7038,Post-코로나,,,,,,
2024,6,1,토,주말,12824,Post-코로나,,,,,,
2024,6,2,일,주말,10458,Post-코로나,,,,,,
2024,6,3,월,평일,3884,Post-코로나,,,,,,
2024,6,4,화,평일,5925,Post-코로나,,,,,,
2024,6,5,수,평일,5590,Post-코로나,,,,,,
2024,6,6,목,평일,14764,Post-코로나,,,,,,
2024,6,7,금,평일,11437,Post-코로나,,,,,,
2024,6,8,토,주말,16320,Post-코로나,,,,,,
2024,6,9,일,주말,10951,Post-코로나,,,,,,
2024,6,10,월,평일,3873,Post-코로나,,,,,,
2024,6,11,화,평일,4652,Post-코로나,,,,,,
2024,6,12,수,평일,5096,Post-코로나,,,,,,
2024,6,13,목,평일,7737,Post-코로나,,,,,,
2024,6,14,금,평일,7622,Post-코로나,,,,,,
2024,6,15,토,주말,15204,Post-코로나,,,,,,
2024,6,16,일,주말,12842,Post-코로나,,,,,,
2024,6,17,월,평일,6119,Post-코로나,,,,,,
2024,6,18,화,평일,8128,Post-코로나,,,,,,
2024,6,19,수,평일,8565,Post-코로나,,,,,,
2024,6,20,목,평일,7423,Post-코로나,,,,,,
2024,6,21,금,평일,7686,Post-코로나,,,,,,
2024,6,22,토,주말,16188,Post-코로나,,,,,,
2024,6,23,일,주말,13882,Post-코로나,,,,,,
2024,6,24,월,평일,6186,Post-코로나,,,,,,
2024,6,25,화,평일,7072,Post-코로나,,,,,,
2024,6,26,수,평일,8693,Post-코로나,,,,,,
2024,6,27,목,평일,7454,Post-코로나,,,,,,
2024,6,28,금,평일,7733,Post-코로나,,,,,,
2024,6,29,토,주말,15684,Post-코로나,,,,,,
2024,6,30,일,주말,13538,Post-코로나,,,,,,
2024,7,1,월,평일,6238,Post-코로나,,,,,,
2024,7,2,화,평일,8255,Post-코로나,,,,,,
2024,7,3,수,평일,6662,Post-코로나,,,,,,
2024,7,4,목,평일,7131,Post-코로나,,,,,,
2024,7,5,금,평일,7346,Post-코로나,,,,,,
2024,7,6,토,주말,17094,Post-코로나,,,,,,
2024,7,7,일,주말,14583,Post-코로나,,,,,,
2024,7,8,월,평일,6853,Post-코로나,,,,,,
2024,7,9,화,평일,6974,Post-코로나,,,,,,
2024,7,10,수,평일,8972,Post-코로나,,,,,,
2024,7,11,목,평일,8340,Post-코로나,,,,,,
2024,7,12,금,평일,8335,Post-코로나,,,,,,
2024,7,13,토,주말,18601,Post-코로나,,,,,,
2024,7,14,일,주말,16137,Post-코로나,,,,,,
2024,7,15,월,평일,6714,Post-코로나,,,,,,
2024,7,16,화,평일,7157,Post-코로나,,,,,,
2024,7,17,수,평일,8516,Post-코로나,,,,,,
2024,7,18,목,평일,7319,Post-코로나,,,,,,
2024,7,19,금,평일,7221,Post-코로나,,,,,,
2024,7,20,토,주말,19473,Post-코로나,,,,,,
2024,7,21,일,주말,15987,Post-코로나,,,,,,
2024,7,22,월,평일,7838,Post-코로나,,,,,,
2024,7,23,화,평일,8575,Post-코로나,,,,,,
2024,7,24,수,평일,9947,Post-코로나,,,,,,
2024,7,25,목,평일,10393,Post-코로나,,,,,,
2024,7,26,금,평일,12489,Post-코로나,,,,,,
2024,7,27,토,주말,21770,Post-코로나,,,,,,
2024,7,28,일,주말,18577,Post-코로나,,,,,,
2024,7,29,월,평일,16684,Post-코로나,,,,,,
2024,7,30,화,평일,18687,Post-코로나,,,,,,
2024,7,31,수,평일,22625,Post-코로나,,,,,,
2024,8,1,목,평일,18245,Post-코로나,,,,,,
2024,8,2,금,평일,18391,Post-코로나,,,,,,
2024,8,3,토,주말,23436,Post-코로나,,,,,,
2024,8,4,일,주말,19041,Post-코로나,,,,,,
2024,8,5,월,평일,13718,Post-코로나,,,,,,
2024,8,6,화,평일,14473,Post-코로나,,,,,,
2024,8,7,수,평일,14723,Post-코로나,,,,,,
2024,8,8,목,평일,13820,Post-코로나,,,,,,
2024,8,9,금,평일,14188,Post-코로나,,,,,,
2024,8,10,토,주말,21978,Post-코로나,,,,,,
2024,8,11,일,주말,20119,Post-코로나,,,,,,
2024,8,12,월,평일,12171,Post-코로나,,,,,,
2024,8,13,화,평일,13983,Post-코로나,,,,,,
2024,8,14,수,평일,14144,Post-코로나,,,,,,
2024,8,15,목,평일,21694,Post-코로나,,,,,,
2024,8,16,금,평일,14911,Post-코로나,,,,,,
2024,8,17,토,주말,21498,Post-코로나,,,,,,
2024,8,18,일,주말,17261,Post-코로나,,,,,,
2024,8,19,월,평일,7447,Post-코로나,,,,,,
2024,8,20,화,평일,7715,Post-코로나,,,,,,
2024,8,21,수,평일,7934,Post-코로나,,,,,,
2024,8,22,목,평일,6543,Post-코로나,,,,,,
2024,8,23,금,평일,6984,Post-코로나,,,,,,
2024,8,24,토,주말,17458,Post-코로나,,,,,,
2024,8,25,일,주말,14611,Post-코로나,,,,,,
2024,8,26,월,평일,4833,Post-코로나,,,,,,
2024,8,27,화,평일,5794,Post-코로나,,,,,,
2024,8,28,수,평일,7210,Post-코로나,,,,,,
2024,8,29,목,평일,5787,Post-코로나,,,,,,
2024,8,30,금,평일,8983,Post-코로나,,,,,,
2024,8,31,토,주말,19124,Post-코로나,,,,,,
2024,9,1,일,주말,15695,Post-코로나,,,,,,
2024,9,2,월,평일,6590,Post-코로나,,,,,,
2024,9,3,화,평일,7750,Post-코로나,,,,,,
2024,9,4,수,평일,7988,Post-코로나,,,,,,
2024,9,5,목,평일,7751,Post-코로나,,,,,,
2024,9,6,금,평일,9754,Post-코로나,,,,,,
2024,9,7,토,주말,17450,Post-코로나,,,,,,
2024,9,8,일,주말,14901,Post-코로나,,,,,,
2024,9,9,월,평일,5570,Post-코로나,,,,,,
2024,9,10,화,평일,7161,Post-코로나,,,,,,
2024,9,11,수,평일,8631,Post-코로나,,,,,,
2024,9,12,목,평일,6312,Post-코로나,,,,,,
2024,9,13,금,평일,7098,Post-코로나,,,,,,
2024,9,14,토,주말,20647,Post-코로나,,,,,,
2024,9,15,일,주말,26672,Post-코로나,,,,,,
2024,9,16,월,평일,30940,Post-코로나,,,,,,
2024,9,17,화,평일,0,Post-코로나,,,,,,
2024,9,18,수,평일,25480,Post-코로나,,,,,,
2024,9,19,목,평일,8005,Post-코로나,,,,,,
2024,9,20,금,평일,8556,Post-코로나,,,,,,
2024,9,21,토,주말,18282,Post-코로나,,,,,,
2024,9,22,일,주말,14936,Post-코로나,,,,,,
2024,9,23,월,평일,5097,Post-코로나,,,,,,
2024,9,24,화,평일,7654,Post-코로나,,,,,,
2024,9,25,수,평일,9441,Post-코로나,,,,,,
2024,9,26,목,평일,8098,Post-코로나,,,,,,
2024,9,27,금,평일,7379,Post-코로나,,,,,,
2024,9,28,토,주말,16684,Post-코로나,,,,,,
2024,9,29,일,주말,13565,Post-코로나,,,,,,
2024,9,30,월,평일,7646,Post-코로나,,,,,,
2024,10,1,화,평일,14360,Post-코로나,,,,,,
2024,10,2,수,평일,9417,Post-코로나,,,,,,
2024,10,3,목,평일,19176,Post-코로나,,,,,,
2024,10,4,금,평일,13727,Post-코로나,,,,,,
2024,10,5,토,주말,16240,Post-코로나,,,,,,
2024,10,6,일,주말,11508,Post-코로나,,,,,,
2024,10,7,월,평일,6030,Post-코로나,,,,,,
2024,10,8,화,평일,7909,Post-코로나,,,,,,
2024,10,9,수,평일,18167,Post-코로나,,,,,,
2024,10,10,목,평일,6590,Post-코로나,,,,,,
2024,10,11,금,평일,6583,Post-코로나,,,,,,
2024,10,12,토,주말,12108,Post-코로나,,,,,,
2024,10,13,일,주말,9797,Post-코로나,,,,,,
2024,10,14,월,평일,6196,Post-코로나,,,,,,
2024,10,15,화,평일,7011,Post-코로나,,,,,,
2024,10,16,수,평일,8328,Post-코로나,,,,,,
2024,10,17,목,평일,6645,Post-코로나,,,,,,
2024,10,18,금,평일,10586,Post-코로나,,,,,,
2024,10,19,토,주말,12597,Post-코로나,,,,,,
2024,10,20,일,주말,10791,Post-코로나,,,,,,
2024,10,21,월,평일,5343,Post-코로나,,,,,,
2024,10,22,화,평일,11031,Post-코로나,,,,,,
2024,10,23,수,평일,7468,Post-코로나,,,,,,
2024,10,24,목,평일,7876,Post-코로나,,,,,,
2024,10,25,금,평일,8693,Post-코로나,,,,,,
2024,10,26,토,주말,15055,Post-코로나,,,,,,
2024,10,27,일,주말,12411,Post-코로나,,,,,,
2024,10,28,월,평일,5821,Post-코로나,,,,,,
2024,10,29,화,평일,6552,Post-코로나,,,,,,
2024,10,30,수,평일,8440,Post-코로나,,,,,,
2024,10,31,목,평일,7584,Post-코로나,,,,,,
2024,11,1,금,평일,7630,Post-코로나,,,,,,
2024,11,2,토,주말,12566,Post-코로나,,,,,,
2024,11,3,일,주말,11117,Post-코로나,,,,,,
2024,11,4,월,평일,25,Post-코로나,,,,,,
2024,11,5,화,평일,6442,Post-코로나,,,,,,
2024,11,6,수,평일,7922,Post-코로나,,,,,,
2024,11,7,목,평일,6111,Post-코로나,,,,,,
2024,11,8,금,평일,7314,Post-코로나,,,,,,
2024,11,9,토,주말,11840,Post-코로나,,,,,,
2024,11,10,일,주말,10664,Post-코로나,,,,,,
2024,11,11,월,평일,5228,Post-코로나,,,,,,
2024,11,12,화,평일,5912,Post-코로나,,,,,,
2024,11,13,수,평일,6778,Post-코로나,,,,,,
2024,11,14,목,평일,7135,Post-코로나,,,,,,
2024,11,15,금,평일,8548,Post-코로나,,,,,,
2024,11,16,토,주말,14375,Post-코로나,,,,,,
2024,11,17,일,주말,11932,Post-코로나,,,,,,
2024,11,18,월,평일,6769,Post-코로나,,,,,,
2024,11,19,화,평일,8537,Post-코로나,,,,,,
2024,11,20,수,평일,7948,Post-코로나,,,,,,
2024,11,21,목,평일,6941,Post-코로나,,,,,,
2024,11,22,금,평일,8362,Post-코로나,,,,,,
2024,11,23,토,주말,15057,Post-코로나,,,,,,
2024,11,24,일,주말,12758,Post-코로나,,,,,,
2024,11,25,월,평일,6965,Post-코로나,,,,,,
2024,11,26,화,평일,7086,Post-코로나,,,,,,
2024,11,27,수,평일,7224,Post-코로나,,,,,,
2024,11,28,목,평일,6710,Post-코로나,,,,,,
2024,11,29,금,평일,8537,Post-코로나,,,,,,
2024,11,30,토,주말,21228,Post-코로나,,,,,,
2024,12,1,일,주말,15703,Post-코로나,,,,,,
2024,12,2,월,평일,10024,Post-코로나,,,,,,
2024,12,3,화,평일,10688,Post-코로나,,,,,,
2024,12,4,수,평일,8781,Post-코로나,,,,,,
2024,12,5,목,평일,9133,Post-코로나,,,,,,
2024,12,6,금,평일,9388,Post-코로나,,,,,,
2024,12,7,토,주말,17900,Post-코로나,,,,,,
2024,12,8,일,주말,16479,Post-코로나,,,,,,
2024,12,9,월,평일,8444,Post-코로나,,,,,,
2024,12,10,화,평일,11156,Post-코로나,,,,,,
2024,12,11,수,평일,10858,Post-코로나,,,,,,
2024,12,12,목,평일,10116,Post-코로나,,,,,,
2024,12,13,금,평일,12992,Post-코로나,,,,,,
2024,12,14,토,주말,18087,Post-코로나,,,,,,
2024,12,15,일,주말,16518,Post-코로나,,,,,,
2024,12,16,월,평일,9357,Post-코로나,,,,,,
2024,12,17,화,평일,10282,Post-코로나,,,,,,
2024,12,18,수,평일,11706,Post-코로나,,,,,,
2024,12,19,목,평일,10666,Post-코로나,,,,,,
2024,12,20,금,평일,12721,Post-코로나,,,,,,
2024,12,21,토,주말,20079,Post-코로나,,,,,,
2024,12,22,일,주말,18437,Post-코로나,,,,,,
2024,12,23,월,평일,13495,Post-코로나,,,,,,
2024,12,24,화,평일,11507,Post-코로나,,,,,,
2024,12,25,수,평일,17630,Post-코로나,,,,,,
2024,12,26,목,평일,12580,Post-코로나,,,,,,
2024,12,27,금,평일,14534,Post-코로나,,,,,,
2024,12,28,토,주말,20870,Post-코로나,,,,,,
2024,12,29,일,주말,17577,Post-코로나,,,,,,
2024,12,30,월,평일,15077,Post-코로나,,,,,,
2024,12,31,화,평일,19329,Post-코로나,,,,,,
2025,1,1,수,평일,0,Post-코로나,,,,,,
2025,1,2,목,평일,13838,Post-코로나,,,,,,
2025,1,3,금,평일,14380,Post-코로나,,,,,,
2025,1,4,토,주말,23366,Post-코로나,,,,,,
2025,1,5,일,주말,18013,Post-코로나,,,,,,
2025,1,6,월,평일,11100,Post-코로나,,,,,,
2025,1,7,화,평일,12849,Post-코로나,,,,,,
2025,1,8,수,평일,14602,Post-코로나,,,,,,
2025,1,9,목,평일,12602,Post-코로나,,,,,,
2025,1,10,금,평일,14189,Post-코로나,,,,,,
2025,1,11,토,주말,26485,Post-코로나,,,,,,
2025,1,12,일,주말,22212,Post-코로나,,,,,,
2025,1,13,월,평일,13177,Post-코로나,,,,,,
2025,1,14,화,평일,13353,Post-코로나,,,,,,
2025,1,15,수,평일,13326,Post-코로나,,,,,,
2025,1,16,목,평일,13687,Post-코로나,,,,,,
2025,1,17,금,평일,14026,Post-코로나,,,,,,
2025,1,18,토,주말,26053,Post-코로나,,,,,,
2025,1,19,일,주말,22923,Post-코로나,,,,,,
2025,1,20,월,평일,12944,Post-코로나,,,,,,
2025,1,21,화,평일,13564,Post-코로나,,,,,,
2025,1,22,수,평일,15244,Post-코로나,,,,,,
2025,1,23,목,평일,12931,Post-코로나,,,,,,
2025,1,24,금,평일,14225,Post-코로나,,,,,,
2025,1,25,토,주말,23960,Post-코로나,,,,,,
2025,1,26,일,주말,23852,Post-코로나,,,,,,
2025,1,27,월,평일,24258,Post-코로나,,,,,,
2025,1,28,화,평일,24826,Post-코로나,,,,,,
2025,1,29,수,평일,0,Post-코로나,,,,,,
2025,1,30,목,평일,25686,Post-코로나,,,,,,
2025,1,31,금,평일,21591,Post-코로나,,,,,,
2025,2,1,토,주말,24907,Post-코로나,,,,,,
2025,2,2,일,주말,20820,Post-코로나,,,,,,
2025,2,3,월,평일,11556,Post-코로나,,,,,,
2025,2,4,화,평일,12928,Post-코로나,,,,,,
2025,2,5,수,평일,13502,Post-코로나,,,,,,
2025,2,6,목,평일,13230,Post-코로나,,,,,,
2025,2,7,금,평일,12951,Post-코로나,,,,,,
2025,2,8,토,주말,26940,Post-코로나,,,,,,
2025,2,9,일,주말,24209,Post-코로나,,,,,,
2025,2,10,월,평일,12237,Post-코로나,,,,,,
2025,2,11,화,평일,14714,Post-코로나,,,,,,
2025,2,12,수,평일,14536,Post-코로나,,,,,,
2025,2,13,목,평일,14495,Post-코로나,,,,,,
2025,2,14,금,평일,16024,Post-코로나,,,,,,
2025,2,15,토,주말,29494,Post-코로나,,,,,,
2025,2,16,일,주말,26058,Post-코로나,,,,,,
2025,2,17,월,평일,15411,Post-코로나,,,,,,
2025,2,18,화,평일,16939,Post-코로나,,,,,,
2025,2,19,수,평일,19727,Post-코로나,,,,,,
2025,2,20,목,평일,16729,Post-코로나,,,,,,
2025,2,21,금,평일,19809,Post-코로나,,,,,,
2025,2,22,토,주말,30774,Post-코로나,,,,,,
2025,2,23,일,주말,28619,Post-코로나,,,,,,
2025,2,24,월,평일,19045,Post-코로나,,,,,,
2025,2,25,화,평일,18560,Post-코로나,,,,,,
2025,2,26,수,평일,24344,Post-코로나,,,,,,
2025,2,27,목,평일,21030,Post-코로나,,,,,,
2025,2,28,금,평일,23773,Post-코로나,,,,,,
2025,3,1,토,주말,32507,Post-코로나,,,,,,
2025,3,2,일,주말,30143,Post-코로나,,,,,,
2025,3,3,월,평일,25954,Post-코로나,,,,,,
2025,3,4,화,평일,6607,Post-코로나,,,,,,
2025,3,5,수,평일,4764,Post-코로나,,,,,,
2025,3,6,목,평일,4335,Post-코로나,,,,,,
2025,3,7,금,평일,6120,Post-코로나,,,,,,
2025,3,8,토,주말,15893,Post-코로나,,,,,,
2025,3,9,일,주말,15342,Post-코로나,,,,,,
2025,3,10,월,평일,6002,Post-코로나,,,,,,
2025,3,11,화,평일,6894,Post-코로나,,,,,,
2025,3,12,수,평일,4753,Post-코로나,,,,,,
2025,3,13,목,평일,5909,Post-코로나,,,,,,
2025,3,14,금,평일,5850,Post-코로나,,,,,,
2025,3,15,토,주말,15147,Post-코로나,,,,,,
2025,3,16,일,주말,15110,Post-코로나,,,,,,
2025,3,17,월,평일,5717,Post-코로나,,,,,,
2025,3,18,화,평일,6515,Post-코로나,,,,,,
2025,3,19,수,평일,5359,Post-코로나,,,,,,
2025,3,20,목,평일,5405,Post-코로나,,,,,,
2025,3,21,금,평일,6629,Post-코로나,,,,,,
2025,3,22,토,주말,16322,Post-코로나,,,,,,
2025,3,23,일,주말,16491,Post-코로나,,,,,,
2025,3,24,월,평일,6430,Post-코로나,,,,,,
2025,3,25,화,평일,6554,Post-코로나,,,,,,
2025,3,26,수,평일,6783,Post-코로나,,,,,,
2025,3,27,목,평일,7612,Post-코로나,,,,,,
2025,3,28,금,평일,7886,Post-코로나,,,,,,
2025,3,29,토,주말,17211,Post-코로나,,,,,,
2025,3,30,일,주말,18448,Post-코로나,,,,,,
2025,3,31,월,평일,6779,Post-코로나,,,,,,
2025,4,1,화,평일,7320,Post-코로나,,,,,,
2025,4,2,수,평일,8263,Post-코로나,,,,,,
2025,4,3,목,평일,7855,Post-코로나,,,,,,
2025,4,4,금,평일,7449,Post-코로나,,,,,,
2025,4,5,토,주말,23251,Post-코로나,,,,,,
2025,4,6,일,주말,16255,Post-코로나,,,,,,
2025,4,7,월,평일,42,Post-코로나,,,,,,
2025,4,8,화,평일,7889,Post-코로나,,,,,,
2025,4,9,수,평일,6843,Post-코로나,,,,,,
2025,4,10,목,평일,7144,Post-코로나,,,,,,
2025,4,11,금,평일,8528,Post-코로나,,,,,,
2025,4,12,토,주말,20604,Post-코로나,,,,,,
2025,4,13,일,주말,20842,Post-코로나,,,,,,
2025,4,14,월,평일,12908,Post-코로나,,,,,,
2025,4,15,화,평일,8684,Post-코로나,,,,,,
2025,4,16,수,평일,8585,Post-코로나,,,,,,
2025,4,17,목,평일,8964,Post-코로나,,,,,,
2025,4,18,금,평일,9277,Post-코로나,,,,,,
2025,4,19,토,주말,24280,Post-코로나,,,,,,
2025,4,20,일,주말,18847,Post-코로나,,,,,,
2025,4,21,월,평일,7267,Post-코로나,,,,,,
2025,4,22,화,평일,12966,Post-코로나,,,,,,
2025,4,23,수,평일,8895,Post-코로나,,,,,,
2025,4,24,목,평일,8537,Post-코로나,,,,,,
2025,4,25,금,평일,9575,Post-코로나,,,,,,
2025,4,26,토,주말,20386,Post-코로나,,,,,,
2025,4,27,일,주말,18193,Post-코로나,,,,,,
2025,4,28,월,평일,7869,Post-코로나,,,,,,
2025,4,29,화,평일,9449,Post-코로나,,,,,,
2025,4,30,수,평일,11147,Post-코로나,,,,,,
2025,5,1,목,평일,24778,Post-코로나,,,,,,
2025,5,2,금,평일,18055,Post-코로나,,,,,,
2025,5,3,토,주말,31482,Post-코로나,,,,,,
2025,5,4,일,주말,27818,Post-코로나,,,,,,
2025,5,5,월,평일,29833,Post-코로나,,,,,,
2025,5,6,화,평일,21253,Post-코로나,,,,,,
2025,5,7,수,평일,8332,Post-코로나,,,,,,
2025,5,8,목,평일,8432,Post-코로나,,,,,,
2025,5,9,금,평일,12689,Post-코로나,,,,,,
2025,5,10,토,주말,24332,Post-코로나,,,,,,
2025,5,11,일,주말,19809,Post-코로나,,,,,,
2025,5,12,월,평일,8064,Post-코로나,,,,,,
2025,5,13,화,평일,9986,Post-코로나,,,,,,
2025,5,14,수,평일,10149,Post-코로나,,,,,,
2025,5,15,목,평일,9766,Post-코로나,,,,,,
2025,5,16,금,평일,12433,Post-코로나,,,,,,
2025,5,17,토,주말,23031,Post-코로나,,,,,,
2025,5,18,일,주말,19433,Post-코로나,,,,,,
2025,5,19,월,평일,7927,Post-코로나,,,,,,
2025,5,20,화,평일,9652,Post-코로나,,,,,,
2025,5,21,수,평일,10554,Post-코로나,,,,,,
2025,5,22,목,평일,9501,Post-코로나,,,,,,
2025,5,23,금,평일,10391,Post-코로나,,,,,,
2025,5,24,토,주말,22160,Post-코로나,,,,,,
2025,5,25,일,주말,19633,Post-코로나,,,,,,
2025,5,26,월,평일,12507,Post-코로나,,,,,,
2025,5,27,화,평일,8941,Post-코로나,,,,,,
2025,5,28,수,평일,12051,Post-코로나,,,,,,
2025,5,29,목,평일,9080,Post-코로나,,,,,,
2025,5,30,금,평일,10559,Post-코로나,,,,,,
2025,5,31,토,주말,32753,Post-코로나,,,,,,
2025,6,1,일,주말,20688,Post-코로나,,,,,,
2025,6,2,월,평일,9128,Post-코로나,,,,,,
2025,6,3,화,평일,15710,Post-코로나,,,,,,
2025,6,4,수,평일,7697,Post-코로나,,,,,,
2025,6,5,목,평일,8950,Post-코로나,,,,,,
2025,6,6,금,평일,24671,Post-코로나,,,,,,
2025,6,7,토,주말,27269,Post-코로나,,,,,,
2025,6,8,일,주말,20576,Post-코로나,,,,,,
2025,6,9,월,평일,9144,Post-코로나,,,,,,
2025,6,10,화,평일,10591,Post-코로나,,,,,,
2025,6,11,수,평일,11875,Post-코로나,,,,,,
2025,6,12,목,평일,12174,Post-코로나,,,,,,
2025,6,13,금,평일,12144,Post-코로나,,,,,,
2025,6,14,토,주말,23949,Post-코로나,,,,,,
2025,6,15,일,주말,23463,Post-코로나,,,,,,
2025,6,16,월,평일,10829,Post-코로나,,,,,,
2025,6,17,화,평일,9353,Post-코로나,,,,,,
2025,6,18,수,평일,10868,Post-코로나,,,,,,
2025,6,19,목,평일,10443,Post-코로나,,,,,,
2025,6,20,금,평일,13666,Post-코로나,,,,,,
2025,6,21,토,주말,27263,Post-코로나,,,,,,
2025,6,22,일,주말,24662,Post-코로나,,,,,,
2025,6,23,월,평일,10258,Post-코로나,,,,,,
2025,6,24,화,평일,9839,Post-코로나,,,,,,
2025,6,25,수,평일,12094,Post-코로나,,,,,,
2025,6,26,목,평일,9495,Post-코로나,,,,,,
2025,6,27,금,평일,14549,Post-코로나,,,,,,
2025,6,28,토,주말,28529,Post-코로나,,,,,,
2025,6,29,일,주말,25106,Post-코로나,,,,,,
2025,6,30,월,평일,19748,Post-코로나,,,,,,
2025,7,1,화,평일,12266,Post-코로나,,,,,,
2025,7,2,수,평일,11950,Post-코로나,,,,,,
2025,7,3,목,평일,12284,Post-코로나,,,,,,
2025,7,4,금,평일,12774,Post-코로나,,,,,,
2025,7,5,토,주말,33273,Post-코로나,,,,,,
2025,7,6,일,주말,27040,Post-코로나,,,,,,
2025,7,7,월,평일,12531,Post-코로나,,,,,,
2025,7,8,화,평일,14808,Post-코로나,,,,,,
2025,7,9,수,평일,16352,Post-코로나,,,,,,
2025,7,10,목,평일,14609,Post-코로나,,,,,,
2025,7,11,금,평일,17362,Post-코로나,,,,,,
2025,7,12,토,주말,36464,Post-코로나,,,,,,
2025,7,13,일,주말,30255,Post-코로나,,,,,,
2025,7,14,월,평일,15332,Post-코로나,,,,,,
2025,7,15,화,평일,17140,Post-코로나,,,,,,
2025,7,16,수,평일,17605,Post-코로나,,,,,,
2025,7,17,목,평일,14944,Post-코로나,,,,,,
2025,7,18,금,평일,16944,Post-코로나,,,,,,
2025,7,19,토,주말,36481,Post-코로나,,,,,,
2025,7,20,일,주말,32441,Post-코로나,,,,,,
2025,7,21,월,평일,17717,Post-코로나,,,,,,
2025,7,22,화,평일,19760,Post-코로나,,,,,,
2025,7,23,수,평일,21375,Post-코로나,,,,,,
2025,7,24,목,평일,23445,Post-코로나,,,,,,
2025,7,25,금,평일,27129,Post-코로나,,,,,,
2025,7,26,토,주말,40955,Post-코로나,,,,,,
2025,7,27,일,주말,31548,Post-코로나,,,,,,
2025,7,28,월,평일,33546,Post-코로나,,,,,,
2025,7,29,화,평일,36649,Post-코로나,,,,,,
2025,7,30,수,평일,43053,Post-코로나,,,,,,
2025,7,31,목,평일,49647,Post-코로나,,,,,,
